﻿Ano;Mês;Grupo Econômico;Empresa;CNPJ;Porte da Prestadora;UF;Município;Código IBGE Município;Faixa de Velocidade;Tecnologia;Meio de Acesso;Acessos
2018;12;OUTROS;BRASCONECT INFORMATICA LTDA;08631655000170;Pequeno Porte;MG;Brazópolis;3108909;> 34Mbps;Fibra;Fibra Óptica;245
2018;12;OUTROS;BRASCONECT INFORMATICA LTDA;08631655000170;Pequeno Porte;MG;Piranguinho;3151008;512kbps a 2Mbps;Wi-Fi;Rádio;33
2018;12;OUTROS;BRASCONECT INFORMATICA LTDA;08631655000170;Pequeno Porte;MG;Brazópolis;3108909;512kbps a 2Mbps;Wi-Fi;Rádio;585
2018;12;OUTROS;Brisanet Servicos de Telecomunicacoes Ltda;04601397000128;Pequeno Porte;CE;Mombaça;2308500;> 34Mbps;Fibra;Fibra Óptica;196
2018;12;OUTROS;BORILLE SERVIÇOS DE TELECOMUNICAÇÕES LTDA;10460953000196;Pequeno Porte;PR;União da Vitória;4128203;512kbps a 2Mbps;Wi-Fi;Rádio;383
2018;12;OUTROS;BRABECNET - SERVICOS DE COMUNICACAO MULTIMIDIA LTDA;08999652000193;Pequeno Porte;SE;Aracaju;2800308;2Mbps a 12Mbps;Wi-Fi;Rádio;87
2018;12;OUTROS;BRASCONECT INFORMATICA LTDA;08631655000170;Pequeno Porte;MG;Brazópolis;3108909;2Mbps a 12Mbps;Wi-Fi;Rádio;779
2018;12;OUTROS;BRASCONECT INFORMATICA LTDA;08631655000170;Pequeno Porte;MG;Piranguinho;3151008;2Mbps a 12Mbps;Wi-Fi;Rádio;93
2018;12;OUTROS;BRASCONECT INFORMATICA LTDA;08631655000170;Pequeno Porte;MG;Piranguinho;3151008;12Mbps a 34Mbps;Fibra;Fibra Óptica;17
2018;12;OUTROS;BRAWNET COMERCIO E SERVIÇOS LTDA  ME;14390970000155;Pequeno Porte;BA;Barreiras;2903201;512kbps a 2Mbps;ETHERNET;Cabos Metálicos;599
2018;12;OUTROS;BRASNET MULTI INFORMATICA LTDA - ME;10919107000191;Pequeno Porte;MG;Jordânia;3136504;512kbps a 2Mbps;FWA;Rádio;165
2018;12;OUTROS;BRASNET MULTI INFORMATICA LTDA - ME;10919107000191;Pequeno Porte;MG;Jordânia;3136504;2Mbps a 12Mbps;Fibra;Fibra Óptica;48
2018;12;OUTROS;BRASNET MULTI INFORMATICA LTDA - ME;10919107000191;Pequeno Porte;MG;Jordânia;3136504;> 34Mbps;Fibra;Fibra Óptica;1
2018;12;OUTROS;BRASCONECT INFORMATICA LTDA;08631655000170;Pequeno Porte;MG;Brazópolis;3108909;12Mbps a 34Mbps;Fibra;Fibra Óptica;11
2018;12;OUTROS;Brisanet Servicos de Telecomunicacoes Ltda;04601397000128;Pequeno Porte;RN;Francisco Dantas;2403905;> 34Mbps;Fibra;Fibra Óptica;6
2018;12;OUTROS;Brisanet Servicos de Telecomunicacoes Ltda;04601397000128;Pequeno Porte;PB;Pombal;2512101;2Mbps a 12Mbps;Fibra;Fibra Óptica;152
2018;12;OUTROS;Brisanet Servicos de Telecomunicacoes Ltda;04601397000128;Pequeno Porte;RN;Pau dos Ferros;2409407;2Mbps a 12Mbps;Wi-Fi;Rádio;54
2018;12;OUTROS;BRABECNET - SERVICOS DE COMUNICACAO MULTIMIDIA LTDA;08999652000193;Pequeno Porte;SE;Gararu;2802403;512kbps a 2Mbps;Wi-Fi;Rádio;19
2018;12;OUTROS;CENTURY TELECOM LTDA;01492641000173;Pequeno Porte;MG;Ribeirão das Neves;3154606;12Mbps a 34Mbps;WIMAX;Rádio;2
2018;12;OUTROS;CENTURY TELECOM LTDA;01492641000173;Pequeno Porte;MG;Caeté;3110004;2Mbps a 12Mbps;WIMAX;Rádio;1
2018;12;OUTROS;CENTURY TELECOM LTDA;01492641000173;Pequeno Porte;MG;Nova Lima;3144805;2Mbps a 12Mbps;Fibra;Fibra Óptica;5
2018;12;OUTROS;BRABECNET - SERVICOS DE COMUNICACAO MULTIMIDIA LTDA;08999652000193;Pequeno Porte;SE;Graccho Cardoso;2802601;512kbps a 2Mbps;Wi-Fi;Rádio;12
2018;12;OUTROS;BRASIL DIGITAL SERVIÇOS DE INFORMÁTICA E COMÉRCIO LTDA - ME;14629705000187;Pequeno Porte;RO;Porto Velho;1100205;2Mbps a 12Mbps;Fibra;Fibra Óptica;425
2018;12;OUTROS;BRABECNET - SERVICOS DE COMUNICACAO MULTIMIDIA LTDA;08999652000193;Pequeno Porte;SE;Riachuelo;2805901;512kbps a 2Mbps;Wi-Fi;Rádio;1
2018;12;OUTROS;BRASIL CONECT LTDA - ME;19268024000154;Pequeno Porte;BA;Alagoinhas;2900702;> 34Mbps;Fibra;Fibra Óptica;1
2018;12;OUTROS;BRASIL CONECT LTDA - ME;19268024000154;Pequeno Porte;BA;Alagoinhas;2900702;2Mbps a 12Mbps;Fibra;Fibra Óptica;4
2018;12;OUTROS;BRASTURBO TELECOMUNICAÇÕES LTDA;11766790000137;Pequeno Porte;MG;Arceburgo;3104106;512kbps a 2Mbps;Wi-Fi;Rádio;8
2018;12;OUTROS;BRASNET MULTI INFORMATICA LTDA - ME;10919107000191;Pequeno Porte;MG;Jordânia;3136504;0Kbps a 512Kbps;FWA;Rádio;8
2018;12;OUTROS;BRASIL CONECT LTDA - ME;19268024000154;Pequeno Porte;BA;Alagoinhas;2900702;12Mbps a 34Mbps;Fibra;Fibra Óptica;1
2018;12;OUTROS;BRASILNET TELECOMUNICACOES LTDA;06317574000174;Pequeno Porte;RJ;Cordeiro;3301504;512kbps a 2Mbps;ETHERNET;Cabos Metálicos;1027
2018;12;OUTROS;BRC TELECOMUNICACOES EIRELI;02092296000143;Pequeno Porte;SP;Iperó;3521002;12Mbps a 34Mbps;Fibra;Fibra Óptica;2
2018;12;OUTROS;BRASILNETWORKS SOLUCOES DIGITAIS LTDA - ME;13683761000137;Pequeno Porte;MS;Campo Grande;5002704;> 34Mbps;Wi-Fi;Rádio;6
2018;12;OUTROS;BRASNET MULTI INFORMATICA LTDA - ME;10919107000191;Pequeno Porte;MG;Jordânia;3136504;2Mbps a 12Mbps;FWA;Rádio;280
2018;12;OUTROS;BRASILVOX TELECOMUNICACOES LTDA;03395188000102;Pequeno Porte;SP;Leme;3526704;12Mbps a 34Mbps;Fibra;Fibra Óptica;14
2018;12;OUTROS;BRASNET MULTI INFORMATICA LTDA - ME;10919107000191;Pequeno Porte;MG;Jordânia;3136504;12Mbps a 34Mbps;FWA;Rádio;1
2018;12;OUTROS;BRASILNET TELECOMUNICACOES LTDA;06317574000174;Pequeno Porte;RJ;Cordeiro;3301504;> 34Mbps;ETHERNET;Cabos Metálicos;443
2018;12;OUTROS;BRASTURBO TELECOMUNICAÇÕES LTDA;11766790000137;Pequeno Porte;MG;Arceburgo;3104106;2Mbps a 12Mbps;Fibra;Fibra Óptica;6
2018;12;OUTROS;BRAWNET COMERCIO E SERVIÇOS LTDA  ME;14390970000155;Pequeno Porte;BA;Barreiras;2903201;2Mbps a 12Mbps;ETHERNET;Cabos Metálicos;443
2018;12;OUTROS;BRASTURBO TELECOMUNICAÇÕES LTDA;11766790000137;Pequeno Porte;MG;Guaranésia;3128303;> 34Mbps;Fibra;Fibra Óptica;2
2018;12;OUTROS;BRABECNET - SERVICOS DE COMUNICACAO MULTIMIDIA LTDA;08999652000193;Pequeno Porte;SE;Cedro de São João;2801603;2Mbps a 12Mbps;Wi-Fi;Rádio;9
2018;12;OUTROS;BRABECNET - SERVICOS DE COMUNICACAO MULTIMIDIA LTDA;08999652000193;Pequeno Porte;SE;Muribeca;2804300;2Mbps a 12Mbps;Wi-Fi;Rádio;2
2018;12;OUTROS;BRASCONECT INFORMATICA LTDA;08631655000170;Pequeno Porte;MG;Piranguinho;3151008;> 34Mbps;Fibra;Fibra Óptica;154
2018;12;OUTROS;BRASTURBO TELECOMUNICAÇÕES LTDA;11766790000137;Pequeno Porte;MG;Arceburgo;3104106;12Mbps a 34Mbps;Fibra;Fibra Óptica;3
2018;12;OUTROS;BRASIL CONECT LTDA - ME;19268024000154;Pequeno Porte;BA;Alagoinhas;2900702;512kbps a 2Mbps;Fibra;Fibra Óptica;1
2018;12;OUTROS;Brisanet Servicos de Telecomunicacoes Ltda;04601397000128;Pequeno Porte;RN;Frutuoso Gomes;2404002;512kbps a 2Mbps;Wi-Fi;Rádio;15
2018;12;OUTROS;Brisanet Servicos de Telecomunicacoes Ltda;04601397000128;Pequeno Porte;RN;Patu;2409308;> 34Mbps;Fibra;Fibra Óptica;1
2018;12;OUTROS;Brisanet Servicos de Telecomunicacoes Ltda;04601397000128;Pequeno Porte;CE;Saboeiro;2311900;2Mbps a 12Mbps;Wi-Fi;Rádio;2
2018;12;OUTROS;Brisanet Servicos de Telecomunicacoes Ltda;04601397000128;Pequeno Porte;CE;Lavras da Mangabeira;2307502;2Mbps a 12Mbps;Wi-Fi;Rádio;62
2018;12;OUTROS;Brisanet Servicos de Telecomunicacoes Ltda;04601397000128;Pequeno Porte;RN;Francisco Dantas;2403905;2Mbps a 12Mbps;Fibra;Fibra Óptica;53
2018;12;OUTROS;Brisanet Servicos de Telecomunicacoes Ltda;04601397000128;Pequeno Porte;RN;Pau dos Ferros;2409407;> 34Mbps;Fibra;Fibra Óptica;421
2018;12;OUTROS;Brisanet Servicos de Telecomunicacoes Ltda;04601397000128;Pequeno Porte;RN;São Francisco do Oeste;2411908;> 34Mbps;Fibra;Fibra Óptica;1
2018;12;OUTROS;Brisanet Servicos de Telecomunicacoes Ltda;04601397000128;Pequeno Porte;CE;Lavras da Mangabeira;2307502;512kbps a 2Mbps;Wi-Fi;Rádio;22
2018;12;OUTROS;Brisanet Servicos de Telecomunicacoes Ltda;04601397000128;Pequeno Porte;PB;Brejo dos Santos;2502904;2Mbps a 12Mbps;Fibra;Fibra Óptica;1
2018;12;OUTROS;Brisanet Servicos de Telecomunicacoes Ltda;04601397000128;Pequeno Porte;RN;Severiano Melo;2413607;2Mbps a 12Mbps;Fibra;Fibra Óptica;1
2018;12;OUTROS;Brisanet Servicos de Telecomunicacoes Ltda;04601397000128;Pequeno Porte;CE;Potiretama;2311231;12Mbps a 34Mbps;Wi-Fi;Rádio;2
2018;12;OUTROS;Brisanet Servicos de Telecomunicacoes Ltda;04601397000128;Pequeno Porte;CE;Jaguaribe;2306900;512kbps a 2Mbps;Wi-Fi;Rádio;296
2018;12;OUTROS;BRABECNET - SERVICOS DE COMUNICACAO MULTIMIDIA LTDA;08999652000193;Pequeno Porte;SE;Capela;2801306;512kbps a 2Mbps;Wi-Fi;Rádio;1
2018;12;OUTROS;Brisanet Servicos de Telecomunicacoes Ltda;04601397000128;Pequeno Porte;RN;Parnamirim;2403251;2Mbps a 12Mbps;Fibra;Fibra Óptica;2
2018;12;OUTROS;Brisanet Servicos de Telecomunicacoes Ltda;04601397000128;Pequeno Porte;RN;São Francisco do Oeste;2411908;512kbps a 2Mbps;Fibra;Fibra Óptica;42
2018;12;OUTROS;Brisanet Servicos de Telecomunicacoes Ltda;04601397000128;Pequeno Porte;RN;Portalegre;2410207;12Mbps a 34Mbps;Wi-Fi;Rádio;66
2018;12;OUTROS;BRABECNET - SERVICOS DE COMUNICACAO MULTIMIDIA LTDA;08999652000193;Pequeno Porte;SE;Barra dos Coqueiros;2800605;512kbps a 2Mbps;Wi-Fi;Rádio;33
2018;12;OUTROS;Brisanet Servicos de Telecomunicacoes Ltda;04601397000128;Pequeno Porte;RN;Caicó;2402006;2Mbps a 12Mbps;Wi-Fi;Rádio;1
2018;12;OUTROS;BRABECNET - SERVICOS DE COMUNICACAO MULTIMIDIA LTDA;08999652000193;Pequeno Porte;SE;Japaratuba;2803302;0Kbps a 512Kbps;Wi-Fi;Rádio;4
2018;12;OUTROS;BRASIL DIGITAL SERVIÇOS DE INFORMÁTICA E COMÉRCIO LTDA - ME;14629705000187;Pequeno Porte;RO;Porto Velho;1100205;> 34Mbps;Fibra;Fibra Óptica;10
2018;12;OUTROS;BRABECNET - SERVICOS DE COMUNICACAO MULTIMIDIA LTDA;08999652000193;Pequeno Porte;SE;Gararu;2802403;0Kbps a 512Kbps;Wi-Fi;Rádio;15
2018;12;OUTROS;Brisanet Servicos de Telecomunicacoes Ltda;04601397000128;Pequeno Porte;CE;Quiterianópolis;2311264;> 34Mbps;Wi-Fi;Rádio;1
2018;12;OUTROS;CENTURY TELECOM LTDA;01492641000173;Pequeno Porte;MG;Sete Lagoas;3167202;512kbps a 2Mbps;WIMAX;Rádio;13
2018;12;OUTROS;CENTURY TELECOM LTDA;01492641000173;Pequeno Porte;MG;Betim;3106705;12Mbps a 34Mbps;Fibra;Fibra Óptica;12
2018;12;OUTROS;CENTURY TELECOM LTDA;01492641000173;Pequeno Porte;MG;Piumhi;3151503;2Mbps a 12Mbps;WIMAX;Rádio;1
2018;12;OUTROS;CENTURY TELECOM LTDA;01492641000173;Pequeno Porte;MG;Nova Lima;3144805;512kbps a 2Mbps;WIMAX;Rádio;18
2018;12;OUTROS;CENTURY TELECOM LTDA;01492641000173;Pequeno Porte;MG;Betim;3106705;512kbps a 2Mbps;WIMAX;Rádio;26
2018;12;OUTROS;CENTURY TELECOM LTDA;01492641000173;Pequeno Porte;MG;Ribeirão das Neves;3154606;512kbps a 2Mbps;WIMAX;Rádio;4
2018;12;OUTROS;CENTURY TELECOM LTDA;01492641000173;Pequeno Porte;MG;Caetanópolis;3109907;12Mbps a 34Mbps;WIMAX;Rádio;1
2018;12;OUTROS;CENTURY TELECOM LTDA;01492641000173;Pequeno Porte;MG;Santa Luzia;3157807;> 34Mbps;WIMAX;Rádio;2
2018;12;OUTROS;CENTURY TELECOM LTDA;01492641000173;Pequeno Porte;MG;Betim;3106705;> 34Mbps;WIMAX;Rádio;1
2018;12;OUTROS;CENTURY TELECOM LTDA;01492641000173;Pequeno Porte;MG;Inconfidentes;3130606;512kbps a 2Mbps;WIMAX;Rádio;1
2018;12;OUTROS;CENTURY TELECOM LTDA;01492641000173;Pequeno Porte;MG;Ibirité;3129806;2Mbps a 12Mbps;Fibra;Fibra Óptica;1
2018;12;OUTROS;CENTURY TELECOM LTDA;01492641000173;Pequeno Porte;MG;Nova Lima;3144805;0Kbps a 512Kbps;Fibra;Fibra Óptica;1
2018;12;OUTROS;Brisanet Servicos de Telecomunicacoes Ltda;04601397000128;Pequeno Porte;CE;Icó;2305407;512kbps a 2Mbps;Fibra;Fibra Óptica;56
2018;12;OUTROS;Brisanet Servicos de Telecomunicacoes Ltda;04601397000128;Pequeno Porte;PB;São Bento;2513901;2Mbps a 12Mbps;Wi-Fi;Rádio;16
2018;12;OUTROS;Brisanet Servicos de Telecomunicacoes Ltda;04601397000128;Pequeno Porte;CE;Alto Santo;2300705;512kbps a 2Mbps;Wi-Fi;Rádio;41
2018;12;OUTROS;Brisanet Servicos de Telecomunicacoes Ltda;04601397000128;Pequeno Porte;RN;Major Sales;2407252;512kbps a 2Mbps;Fibra;Fibra Óptica;4
2018;12;OUTROS;Brisanet Servicos de Telecomunicacoes Ltda;04601397000128;Pequeno Porte;RN;Rafael Fernandes;2410504;> 34Mbps;Fibra;Fibra Óptica;17
2018;12;OUTROS;Brisanet Servicos de Telecomunicacoes Ltda;04601397000128;Pequeno Porte;CE;Ipaumirim;2305704;512kbps a 2Mbps;Wi-Fi;Rádio;19
2018;12;OUTROS;Brisanet Servicos de Telecomunicacoes Ltda;04601397000128;Pequeno Porte;RN;Pau dos Ferros;2409407;12Mbps a 34Mbps;Wi-Fi;Rádio;702
2018;12;OUTROS;Brisanet Servicos de Telecomunicacoes Ltda;04601397000128;Pequeno Porte;RJ;Rio de Janeiro;3304557;2Mbps a 12Mbps;Fibra;Fibra Óptica;1
2018;12;OUTROS;CENTURY TELECOM LTDA;01492641000173;Pequeno Porte;MG;Pedro Leopoldo;3149309;2Mbps a 12Mbps;WIMAX;Rádio;2
2018;12;OUTROS;Brisanet Servicos de Telecomunicacoes Ltda;04601397000128;Pequeno Porte;CE;Russas;2311801;2Mbps a 12Mbps;Fibra;Fibra Óptica;1497
2018;12;OUTROS;AMERICA NET LTDA;01778972000174;Pequeno Porte;RS;Porto Alegre;4314902;512kbps a 2Mbps;Wi-Fi;Rádio;8
2018;12;OUTROS;AMERICA NET LTDA;01778972000174;Pequeno Porte;SP;Jundiaí;3525904;2Mbps a 12Mbps;Fibra;Fibra Óptica;17
2018;12;OUTROS;AMERICA NET LTDA;01778972000174;Pequeno Porte;SP;Jandira;3525003;> 34Mbps;Fibra;Fibra Óptica;3
2018;12;OUTROS;AMERICA NET LTDA;01778972000174;Pequeno Porte;SP;Taboão da Serra;3552809;12Mbps a 34Mbps;Wi-Fi;Rádio;17
2018;12;OUTROS;AMERICA NET LTDA;01778972000174;Pequeno Porte;SP;Osasco;3534401;12Mbps a 34Mbps;Fibra;Fibra Óptica;25
2018;12;OUTROS;AMERICA NET LTDA;01778972000174;Pequeno Porte;SP;Itupeva;3524006;2Mbps a 12Mbps;Wi-Fi;Rádio;17
2018;12;OUTROS;AMERICA NET LTDA;01778972000174;Pequeno Porte;SP;Ribeirão Pires;3543303;12Mbps a 34Mbps;Wi-Fi;Rádio;266
2018;12;OUTROS;AMERICA NET LTDA;01778972000174;Pequeno Porte;SP;São José do Rio Preto;3549805;12Mbps a 34Mbps;Wi-Fi;Rádio;5
2018;12;OUTROS;AMERICA NET LTDA;01778972000174;Pequeno Porte;SP;Santo André;3547809;12Mbps a 34Mbps;Fibra;Fibra Óptica;30
2018;12;OUTROS;AMERICA NET LTDA;01778972000174;Pequeno Porte;SP;Itaquaquecetuba;3523107;> 34Mbps;Fibra;Fibra Óptica;392
2018;12;OUTROS;AMERICA NET LTDA;01778972000174;Pequeno Porte;SP;São José dos Campos;3549904;512kbps a 2Mbps;Wi-Fi;Rádio;9
2018;12;OUTROS;AMERICA NET LTDA;01778972000174;Pequeno Porte;SP;Presidente Prudente;3541406;2Mbps a 12Mbps;Wi-Fi;Rádio;3
