﻿Ano;Mês;Grupo Econômico;Empresa;CNPJ;Porte da Prestadora;UF;Município;Código IBGE Município;Faixa de Velocidade;Tecnologia;Meio de Acesso;Acessos
2014;12;OUTROS;CENTURY TELECOM LTDA;01492641000173;Pequeno Porte;MG;Nova Lima;3144805;2Mbps a 12Mbps;Wi-Fi;Rádio;3
2014;12;OUTROS;BRASCONECT INFORMATICA LTDA;08631655000170;Pequeno Porte;MG;Itajubá;3132404;2Mbps a 12Mbps;Wi-Fi;Rádio;219
2014;12;OUTROS;BORILLE SERVIÇOS DE TELECOMUNICAÇÕES LTDA;10460953000196;Pequeno Porte;PR;União da Vitória;4128203;512kbps a 2Mbps;Wi-Fi;Rádio;440
2014;12;OUTROS;BRAWNET COMERCIO E SERVIÇOS LTDA  ME;14390970000155;Pequeno Porte;BA;Barreiras;2903201;2Mbps a 12Mbps;Wi-Fi;Rádio;1
2014;12;OUTROS;BRAWNET COMERCIO E SERVIÇOS LTDA  ME;14390970000155;Pequeno Porte;BA;Barreiras;2903201;0Kbps a 512Kbps;Wi-Fi;Rádio;42
2014;12;OUTROS;BRASCONECT INFORMATICA LTDA;08631655000170;Pequeno Porte;MG;Brazópolis;3108909;0Kbps a 512Kbps;Wi-Fi;Rádio;45
2014;12;OUTROS;BRABECNET - SERVICOS DE COMUNICACAO MULTIMIDIA LTDA;08999652000193;Pequeno Porte;SE;Riachuelo;2805901;0Kbps a 512Kbps;Wi-Fi;Rádio;4
2014;12;OUTROS;BRABECNET - SERVICOS DE COMUNICACAO MULTIMIDIA LTDA;08999652000193;Pequeno Porte;SE;São Cristóvão;2806701;512kbps a 2Mbps;Wi-Fi;Rádio;6
2014;12;OUTROS;BRASILNET TELECOMUNICACOES LTDA;06317574000174;Pequeno Porte;RJ;Cordeiro;3301504;2Mbps a 12Mbps;ETHERNET;Cabos Metálicos;384
2014;12;OUTROS;BRAWNET COMERCIO E SERVIÇOS LTDA  ME;14390970000155;Pequeno Porte;BA;Barreiras;2903201;512kbps a 2Mbps;Wi-Fi;Rádio;242
2014;12;OUTROS;BRABECNET - SERVICOS DE COMUNICACAO MULTIMIDIA LTDA;08999652000193;Pequeno Porte;SE;Monte Alegre de Sergipe;2804201;0Kbps a 512Kbps;Wi-Fi;Rádio;123
2014;12;OUTROS;BRASCONECT INFORMATICA LTDA;08631655000170;Pequeno Porte;MG;Itajubá;3132404;512kbps a 2Mbps;Wi-Fi;Rádio;177
2014;12;OUTROS;BRASCONECT INFORMATICA LTDA;08631655000170;Pequeno Porte;MG;Brazópolis;3108909;2Mbps a 12Mbps;Wi-Fi;Rádio;229
2014;12;OUTROS;BRABECNET - SERVICOS DE COMUNICACAO MULTIMIDIA LTDA;08999652000193;Pequeno Porte;SE;Cedro de São João;2801603;2Mbps a 12Mbps;Wi-Fi;Rádio;2
2014;12;OUTROS;BRABECNET - SERVICOS DE COMUNICACAO MULTIMIDIA LTDA;08999652000193;Pequeno Porte;SE;Porto da Folha;2805604;512kbps a 2Mbps;Wi-Fi;Rádio;50
2014;12;OUTROS;BRABECNET - SERVICOS DE COMUNICACAO MULTIMIDIA LTDA;08999652000193;Pequeno Porte;SE;Aquidabã;2800209;2Mbps a 12Mbps;Wi-Fi;Rádio;5
2014;12;OUTROS;CENTURY TELECOM LTDA;01492641000173;Pequeno Porte;MG;Contagem;3118601;0Kbps a 512Kbps;Wi-Fi;Rádio;11
2014;12;OUTROS;CENTURY TELECOM LTDA;01492641000173;Pequeno Porte;MG;Caeté;3110004;2Mbps a 12Mbps;Wi-Fi;Rádio;4
2014;12;OUTROS;CENTURY TELECOM LTDA;01492641000173;Pequeno Porte;MG;Betim;3106705;512kbps a 2Mbps;Wi-Fi;Rádio;27
2014;12;OUTROS;CENTURY TELECOM LTDA;01492641000173;Pequeno Porte;MG;Contagem;3118601;512kbps a 2Mbps;Wi-Fi;Rádio;25
2014;12;OUTROS;CENTER PRESTADORA DE SERVICOS LTDA;05012742000150;Pequeno Porte;MG;Albertina;3101409;0Kbps a 512Kbps;Wi-Fi;Rádio;5
2014;12;OUTROS;CENTURY TELECOM LTDA;01492641000173;Pequeno Porte;MG;Nova Lima;3144805;0Kbps a 512Kbps;Wi-Fi;Rádio;9
2014;12;OUTROS;AMERICA NET LTDA;01778972000174;Pequeno Porte;RS;Porto Alegre;4314902;2Mbps a 12Mbps;Wi-Fi;Rádio;51
2014;12;OUTROS;CENTER PRESTADORA DE SERVICOS LTDA;05012742000150;Pequeno Porte;MG;Campestre;3111002;2Mbps a 12Mbps;Wi-Fi;Rádio;58
2014;12;OUTROS;CENTER PRESTADORA DE SERVICOS LTDA;05012742000150;Pequeno Porte;MG;Cabo Verde;3109501;0Kbps a 512Kbps;Wi-Fi;Rádio;46
2014;12;OUTROS;AMERICA NET LTDA;01778972000174;Pequeno Porte;SP;Santos;3548500;512kbps a 2Mbps;Wi-Fi;Rádio;43
2014;12;OUTROS;AMERICA NET LTDA;01778972000174;Pequeno Porte;SP;Cotia;3513009;2Mbps a 12Mbps;Wi-Fi;Rádio;25
2014;12;OUTROS;AMERICA NET LTDA;01778972000174;Pequeno Porte;RS;Porto Alegre;4314902;0Kbps a 512Kbps;Wi-Fi;Rádio;164
2014;12;OUTROS;AMERICA NET LTDA;01778972000174;Pequeno Porte;DF;Brasília;5300108;0Kbps a 512Kbps;Wi-Fi;Rádio;165
2014;12;OUTROS;CENTER PRESTADORA DE SERVICOS LTDA;05012742000150;Pequeno Porte;SP;Aguaí;3500303;2Mbps a 12Mbps;Wi-Fi;Rádio;17
2014;12;OUTROS;CENTURY TELECOM LTDA;01492641000173;Pequeno Porte;MG;Lagoa Santa;3137601;512kbps a 2Mbps;Wi-Fi;Rádio;5
2014;12;OUTROS;BRABECNET - SERVICOS DE COMUNICACAO MULTIMIDIA LTDA;08999652000193;Pequeno Porte;SE;Barra dos Coqueiros;2800605;0Kbps a 512Kbps;Wi-Fi;Rádio;1
2014;12;OUTROS;BRABECNET - SERVICOS DE COMUNICACAO MULTIMIDIA LTDA;08999652000193;Pequeno Porte;SE;Neópolis;2804409;512kbps a 2Mbps;Wi-Fi;Rádio;1
2014;12;OUTROS;BRABECNET - SERVICOS DE COMUNICACAO MULTIMIDIA LTDA;08999652000193;Pequeno Porte;SE;Pirambu;2805307;2Mbps a 12Mbps;Wi-Fi;Rádio;1
2014;12;OUTROS;BRABECNET - SERVICOS DE COMUNICACAO MULTIMIDIA LTDA;08999652000193;Pequeno Porte;SE;Nossa Senhora do Socorro;2804805;0Kbps a 512Kbps;Wi-Fi;Rádio;1
2014;12;OUTROS;BRASCONECT INFORMATICA LTDA;08631655000170;Pequeno Porte;MG;Brazópolis;3108909;512kbps a 2Mbps;Wi-Fi;Rádio;318
2014;12;OUTROS;BRASCONECT INFORMATICA LTDA;08631655000170;Pequeno Porte;MG;Itajubá;3132404;12Mbps a 34Mbps;Wi-Fi;Rádio;1
2014;12;OUTROS;BRABECNET - SERVICOS DE COMUNICACAO MULTIMIDIA LTDA;08999652000193;Pequeno Porte;SE;Graccho Cardoso;2802601;512kbps a 2Mbps;Wi-Fi;Rádio;5
2014;12;OUTROS;BRABECNET - SERVICOS DE COMUNICACAO MULTIMIDIA LTDA;08999652000193;Pequeno Porte;SE;Itabi;2803104;0Kbps a 512Kbps;Wi-Fi;Rádio;85
2014;12;OUTROS;BRABECNET - SERVICOS DE COMUNICACAO MULTIMIDIA LTDA;08999652000193;Pequeno Porte;SE;Aquidabã;2800209;512kbps a 2Mbps;Wi-Fi;Rádio;18
2014;12;OUTROS;BRC TELECOMUNICACOES EIRELI;02092296000143;Pequeno Porte;SP;Iperó;3521002;512kbps a 2Mbps;Wi-Fi;Rádio;264
2014;12;OUTROS;BRASILNET TELECOMUNICACOES LTDA;06317574000174;Pequeno Porte;RJ;Cordeiro;3301504;0Kbps a 512Kbps;ETHERNET;Cabos Metálicos;740
2014;12;OUTROS;BRC TELECOMUNICACOES EIRELI;02092296000143;Pequeno Porte;SP;Boituva;3507001;> 34Mbps;Fibra;Fibra Óptica;1
2014;12;OUTROS;BRASILNET TELECOMUNICAÇÕES DO PARANÁ - EIRELI;15687524000170;Pequeno Porte;PR;Cornélio Procópio;4106407;512kbps a 2Mbps;ETHERNET;Cabos Metálicos;106
2014;12;OUTROS;BRASILNET TELECOMUNICACOES LTDA;06317574000174;Pequeno Porte;RJ;Cordeiro;3301504;512kbps a 2Mbps;ETHERNET;Cabos Metálicos;1988
2014;12;OUTROS;BRASILNET TELECOMUNICACOES LTDA;06317574000174;Pequeno Porte;RJ;Cordeiro;3301504;12Mbps a 34Mbps;ETHERNET;Cabos Metálicos;64
2014;12;OUTROS;BRASILNET TELECOMUNICAÇÕES DO PARANÁ - EIRELI;15687524000170;Pequeno Porte;PR;Irati;4110706;2Mbps a 12Mbps;ETHERNET;Cabos Metálicos;9
2014;12;OUTROS;CDI TELECOM LTDA - EPP;08584873000109;Pequeno Porte;SC;Imbuia;4207403;512kbps a 2Mbps;Wi-Fi;Rádio;1
2014;12;OUTROS;CDI TELECOM LTDA - EPP;08584873000109;Pequeno Porte;SC;Leoberto Leal;4209805;512kbps a 2Mbps;Wi-Fi;Rádio;21
2014;12;OUTROS;CDI TELECOM LTDA - EPP;08584873000109;Pequeno Porte;SC;Ituporanga;4208500;0Kbps a 512Kbps;Wi-Fi;Rádio;129
2014;12;OUTROS;CD ONE CORPORATION DO BRASIL LTDA;02286354000170;Pequeno Porte;SP;Cesário Lange;3511607;512kbps a 2Mbps;Wi-Fi;Rádio;3
2014;12;OUTROS;Brisanet Servicos de Telecomunicacoes Ltda;04601397000128;Pequeno Porte;CE;Iguatu;2305506;12Mbps a 34Mbps;Wi-Fi;Rádio;3174
2014;12;OUTROS;Brisanet Servicos de Telecomunicacoes Ltda;04601397000128;Pequeno Porte;CE;Iguatu;2305506;> 34Mbps;Wi-Fi;Rádio;794
2014;12;OUTROS;CEDNET - PROVEDOR DE INTERNET EIRELLI EPP;08752674000154;Pequeno Porte;SP;Manduri;3528601;2Mbps a 12Mbps;Wi-Fi;Rádio;26
2014;12;OUTROS;CEDNET - PROVEDOR DE INTERNET EIRELLI EPP;08752674000154;Pequeno Porte;SP;Taguaí;3553005;2Mbps a 12Mbps;Wi-Fi;Rádio;221
2014;12;OUTROS;CEDNET - PROVEDOR DE INTERNET EIRELLI EPP;08752674000154;Pequeno Porte;SP;Óleo;3533809;2Mbps a 12Mbps;Wi-Fi;Rádio;25
2014;12;OUTROS;CEARA TELECOMUNICACOES LTDA - ME;04962453000150;Pequeno Porte;CE;Potengi;2311207;512kbps a 2Mbps;Wi-Fi;Rádio;215
2014;12;OUTROS;CENTURY TELECOM LTDA;01492641000173;Pequeno Porte;MG;Ribeirão das Neves;3154606;12Mbps a 34Mbps;Wi-Fi;Rádio;1
2014;12;OUTROS;AMERICA NET LTDA;01778972000174;Pequeno Porte;BA;Salvador;2927408;2Mbps a 12Mbps;Wi-Fi;Rádio;23
2014;12;OUTROS;AMERICA NET LTDA;01778972000174;Pequeno Porte;DF;Brasília;5300108;2Mbps a 12Mbps;Wi-Fi;Rádio;39
2014;12;OUTROS;AMERICA NET LTDA;01778972000174;Pequeno Porte;SP;Santos;3548500;0Kbps a 512Kbps;Wi-Fi;Rádio;160
2014;12;OUTROS;CENTURY TELECOM LTDA;01492641000173;Pequeno Porte;MG;Belo Horizonte;3106200;12Mbps a 34Mbps;Wi-Fi;Rádio;1
2014;12;OUTROS;CILNET COMUNICACAO E INFORMATICA LTDA;04127856000183;Pequeno Porte;SP;Ipeúna;3521101;512kbps a 2Mbps;Wi-Fi;Rádio;9
2014;12;OUTROS;CILNET COMUNICACAO E INFORMATICA LTDA;04127856000183;Pequeno Porte;SP;Itirapina;3523602;512kbps a 2Mbps;Wi-Fi;Rádio;18
2014;12;OUTROS;CILNET COMUNICACAO E INFORMATICA LTDA;04127856000183;Pequeno Porte;CE;Sobral;2312908;2Mbps a 12Mbps;Wi-Fi;Rádio;17
2014;12;OUTROS;CILNET COMUNICACAO E INFORMATICA LTDA;04127856000183;Pequeno Porte;SP;Sorocaba;3552205;512kbps a 2Mbps;Wi-Fi;Rádio;16
2014;12;OUTROS;CILNET COMUNICACAO E INFORMATICA LTDA;04127856000183;Pequeno Porte;SP;Ipeúna;3521101;2Mbps a 12Mbps;Wi-Fi;Rádio;18
2014;12;OUTROS;CEDNET - PROVEDOR DE INTERNET EIRELLI EPP;08752674000154;Pequeno Porte;SP;Sarutaiá;3551207;2Mbps a 12Mbps;Wi-Fi;Rádio;107
2014;12;OUTROS;CEDNET - PROVEDOR DE INTERNET EIRELLI EPP;08752674000154;Pequeno Porte;SP;Timburi;3554607;2Mbps a 12Mbps;Wi-Fi;Rádio;114
2014;12;OUTROS;CDI TELECOM LTDA - EPP;08584873000109;Pequeno Porte;SC;Angelina;4200903;0Kbps a 512Kbps;Wi-Fi;Rádio;80
2014;12;OUTROS;CDI TELECOM LTDA - EPP;08584873000109;Pequeno Porte;SC;Angelina;4200903;512kbps a 2Mbps;Wi-Fi;Rádio;274
2014;12;OUTROS;CEDNET - PROVEDOR DE INTERNET EIRELLI EPP;08752674000154;Pequeno Porte;SP;Ourinhos;3534708;2Mbps a 12Mbps;Wi-Fi;Rádio;23
2014;12;OUTROS;CEDNET - PROVEDOR DE INTERNET EIRELLI EPP;08752674000154;Pequeno Porte;SP;São Pedro do Turvo;3550506;2Mbps a 12Mbps;Wi-Fi;Rádio;18
2014;12;OUTROS;CEDNET - PROVEDOR DE INTERNET EIRELLI EPP;08752674000154;Pequeno Porte;SP;Chavantes;3557204;2Mbps a 12Mbps;Wi-Fi;Rádio;504
2014;12;OUTROS;CDI TELECOM LTDA - EPP;08584873000109;Pequeno Porte;SC;Chapadão do Lageado;4204194;0Kbps a 512Kbps;Wi-Fi;Rádio;48
2014;12;OUTROS;CEDNET - PROVEDOR DE INTERNET EIRELLI EPP;08752674000154;Pequeno Porte;SP;Fartura;3515400;2Mbps a 12Mbps;Wi-Fi;Rádio;338
2014;12;OUTROS;CDI TELECOM LTDA - EPP;08584873000109;Pequeno Porte;SC;Aurora;4201901;512kbps a 2Mbps;Wi-Fi;Rádio;16
2014;12;OUTROS;CDI TELECOM LTDA - EPP;08584873000109;Pequeno Porte;SC;Petrolândia;4212700;0Kbps a 512Kbps;Wi-Fi;Rádio;15
2014;12;OUTROS;CDI TELECOM LTDA - EPP;08584873000109;Pequeno Porte;SC;Ituporanga;4208500;512kbps a 2Mbps;Wi-Fi;Rádio;28
2014;12;OUTROS;CDI TELECOM LTDA - EPP;08584873000109;Pequeno Porte;SC;Imbuia;4207403;0Kbps a 512Kbps;Wi-Fi;Rádio;117
2014;12;OUTROS;CDI TELECOM LTDA - EPP;08584873000109;Pequeno Porte;SC;Major Gercino;4210209;512kbps a 2Mbps;Wi-Fi;Rádio;18
2014;12;OUTROS;CEDNET - PROVEDOR DE INTERNET EIRELLI EPP;08752674000154;Pequeno Porte;PR;Carlópolis;4104709;2Mbps a 12Mbps;Wi-Fi;Rádio;105
2014;12;OUTROS;CEDNET - PROVEDOR DE INTERNET EIRELLI EPP;08752674000154;Pequeno Porte;SP;Bernardino de Campos;3506300;2Mbps a 12Mbps;Wi-Fi;Rádio;336
2014;12;OUTROS;CDI TELECOM LTDA - EPP;08584873000109;Pequeno Porte;SC;Aurora;4201901;0Kbps a 512Kbps;Wi-Fi;Rádio;5
2014;12;OUTROS;CDI TELECOM LTDA - EPP;08584873000109;Pequeno Porte;SC;Chapadão do Lageado;4204194;512kbps a 2Mbps;Wi-Fi;Rádio;104
2014;12;OUTROS;CDI TELECOM LTDA - EPP;08584873000109;Pequeno Porte;SC;Alfredo Wagner;4200705;512kbps a 2Mbps;Wi-Fi;Rádio;87
2014;12;OUTROS;CEDNET - PROVEDOR DE INTERNET EIRELLI EPP;08752674000154;Pequeno Porte;SP;Canitar;3510153;2Mbps a 12Mbps;Wi-Fi;Rádio;107
2014;12;OUTROS;CEDNET - PROVEDOR DE INTERNET EIRELLI EPP;08752674000154;Pequeno Porte;SP;Ipaussu;3520905;2Mbps a 12Mbps;Wi-Fi;Rádio;532
2014;12;OUTROS;CEARA TELECOMUNICACOES LTDA - ME;04962453000150;Pequeno Porte;CE;Potengi;2311207;0Kbps a 512Kbps;Wi-Fi;Rádio;170
2014;12;OUTROS;CDI TELECOM LTDA - EPP;08584873000109;Pequeno Porte;SC;Vidal Ramos;4219200;0Kbps a 512Kbps;Wi-Fi;Rádio;32
2014;12;OUTROS;INFORMATICA ITAPIRANGA LTDA;00938920000155;Pequeno Porte;SC;Tunápolis;4218756;512kbps a 2Mbps;Wi-Fi;Rádio;171
2014;12;OUTROS;CDI TELECOM LTDA - EPP;08584873000109;Pequeno Porte;SC;Vidal Ramos;4219200;512kbps a 2Mbps;Wi-Fi;Rádio;87
2014;12;OUTROS;BRASIL SERVIÇOS DE TELECOMUNICAÇÕES LTDA;07756651000155;Pequeno Porte;RS;Santa Rosa;4317202;2Mbps a 12Mbps;Wi-Fi;Rádio;15
2014;12;OUTROS;AMERICA NET LTDA;01778972000174;Pequeno Porte;RJ;Rio de Janeiro;3304557;2Mbps a 12Mbps;Wi-Fi;Rádio;39
2014;12;OUTROS;CENTURY TELECOM LTDA;01492641000173;Pequeno Porte;MG;Contagem;3118601;12Mbps a 34Mbps;Wi-Fi;Rádio;1
2014;12;OUTROS;CENTURY TELECOM LTDA;01492641000173;Pequeno Porte;MG;Lagoa Santa;3137601;2Mbps a 12Mbps;Wi-Fi;Rádio;1
2014;12;OUTROS;CENTURY TELECOM LTDA;01492641000173;Pequeno Porte;MG;Betim;3106705;12Mbps a 34Mbps;Wi-Fi;Rádio;1
2014;12;OUTROS;CENTURY TELECOM LTDA;01492641000173;Pequeno Porte;MG;Betim;3106705;0Kbps a 512Kbps;Wi-Fi;Rádio;9
2014;12;OUTROS;CENTER PRESTADORA DE SERVICOS LTDA;05012742000150;Pequeno Porte;SP;Aguaí;3500303;512kbps a 2Mbps;Wi-Fi;Rádio;46
2014;12;OUTROS;CENTRONET INTERNET LTDA;06954397000137;Pequeno Porte;RS;São Sepé;4319604;512kbps a 2Mbps;Wi-Fi;Rádio;1
