﻿Ano;Mês;Grupo Econômico;Empresa;CNPJ;Porte da Prestadora;UF;Município;Código IBGE Município;Faixa de Velocidade;Tecnologia;Meio de Acesso;Acessos
2010;12;OUTROS;BRABECNET - SERVICOS DE COMUNICACAO MULTIMIDIA LTDA;8,99965E+12;Pequeno Porte;SE;Brejo Grande;2800704;64Kbps a 512Kbps;Wi-Fi;Rádio;11
2010;12;OUTROS;BRABECNET - SERVICOS DE COMUNICACAO MULTIMIDIA LTDA;8,99965E+12;Pequeno Porte;SE;Pirambu;2805307;64Kbps a 512Kbps;Wi-Fi;Rádio;15
2010;12;OUTROS;BRABECNET - SERVICOS DE COMUNICACAO MULTIMIDIA LTDA;8,99965E+12;Pequeno Porte;SE;Aquidabã;2800209;64Kbps a 512Kbps;Wi-Fi;Rádio;50
2010;12;OUTROS;BRABECNET - SERVICOS DE COMUNICACAO MULTIMIDIA LTDA;8,99965E+12;Pequeno Porte;SE;Pacatuba;2804904;64Kbps a 512Kbps;Wi-Fi;Rádio;17
2010;12;OUTROS;BRABECNET - SERVICOS DE COMUNICACAO MULTIMIDIA LTDA;8,99965E+12;Pequeno Porte;SE;São Cristóvão;2806701;64Kbps a 512Kbps;Wi-Fi;Rádio;5
2010;12;OUTROS;CENTURY TELECOM LTDA;1,49264E+12;Pequeno Porte;MG;Lagoa Santa;3137601;512kbps a 2Mbps;Wi-Fi;Rádio;1
2010;12;OUTROS;CENTURY TELECOM LTDA;1,49264E+12;Pequeno Porte;MG;Belo Horizonte;3106200;0Kbps a 64Kbps;Wi-Fi;Rádio;4
2010;12;OUTROS;CENTURY TELECOM LTDA;1,49264E+12;Pequeno Porte;MG;Ibirité;3129806;0Kbps a 64Kbps;Wi-Fi;Rádio;1
2010;12;OUTROS;CENTURY TELECOM LTDA;1,49264E+12;Pequeno Porte;MG;Nova Lima;3144805;64Kbps a 512Kbps;Wi-Fi;Rádio;11
2010;12;OUTROS;CENTURY TELECOM LTDA;1,49264E+12;Pequeno Porte;MG;Vespasiano;3171204;512kbps a 2Mbps;Wi-Fi;Rádio;1
2010;12;OUTROS;CENTER PRESTADORA DE SERVICOS LTDA;5,01274E+12;Pequeno Porte;SP;Caconde;3508702;512kbps a 2Mbps;Wi-Fi;Rádio;4
2010;12;OUTROS;CENTURY TELECOM LTDA;1,49264E+12;Pequeno Porte;MG;Ibirité;3129806;512kbps a 2Mbps;Wi-Fi;Rádio;3
2010;12;OUTROS;CENTURY TELECOM LTDA;1,49264E+12;Pequeno Porte;MG;Ibirité;3129806;2Mbps a 34Mbps;Wi-Fi;Rádio;1
2010;12;OUTROS;CENTURY TELECOM LTDA;1,49264E+12;Pequeno Porte;MG;Ribeirão das Neves;3154606;64Kbps a 512Kbps;Wi-Fi;Rádio;3
2010;12;OUTROS;CENTER PRESTADORA DE SERVICOS LTDA;5,01274E+12;Pequeno Porte;MG;Divisa Nova;3122405;64Kbps a 512Kbps;Wi-Fi;Rádio;52
2010;12;OUTROS;CENTURY TELECOM LTDA;1,49264E+12;Pequeno Porte;MG;Ribeirão das Neves;3154606;512kbps a 2Mbps;Wi-Fi;Rádio;1
2010;12;OUTROS;BRABECNET - SERVICOS DE COMUNICACAO MULTIMIDIA LTDA;8,99965E+12;Pequeno Porte;SE;Porto da Folha;2805604;64Kbps a 512Kbps;Wi-Fi;Rádio;40
2010;12;OUTROS;BRABECNET - SERVICOS DE COMUNICACAO MULTIMIDIA LTDA;8,99965E+12;Pequeno Porte;SE;Aracaju;2800308;64Kbps a 512Kbps;Wi-Fi;Rádio;250
2010;12;OUTROS;BRABECNET - SERVICOS DE COMUNICACAO MULTIMIDIA LTDA;8,99965E+12;Pequeno Porte;SE;Graccho Cardoso;2802601;64Kbps a 512Kbps;Wi-Fi;Rádio;7
2010;12;OUTROS;BRABECNET - SERVICOS DE COMUNICACAO MULTIMIDIA LTDA;8,99965E+12;Pequeno Porte;SE;Malhada dos Bois;2803807;64Kbps a 512Kbps;Wi-Fi;Rádio;4
2010;12;OUTROS;BRABECNET - SERVICOS DE COMUNICACAO MULTIMIDIA LTDA;8,99965E+12;Pequeno Porte;SE;Poço Redondo;2805406;64Kbps a 512Kbps;Wi-Fi;Rádio;17
2010;12;OUTROS;BRASILNET TELECOMUNICACOES LTDA;6,31757E+12;Pequeno Porte;RJ;Cordeiro;3301504;2Mbps a 34Mbps;Outra;Outra;10
2010;12;OUTROS;BRASILNET TELECOMUNICACOES LTDA;6,31757E+12;Pequeno Porte;RJ;Cordeiro;3301504;512kbps a 2Mbps;Outra;Outra;75
2010;12;OUTROS;BRASILNET TELECOMUNICACOES LTDA;6,31757E+12;Pequeno Porte;RJ;Cordeiro;3301504;64Kbps a 512Kbps;Outra;Outra;495
2010;12;OUTROS;CENTURY TELECOM LTDA;1,49264E+12;Pequeno Porte;MG;Lagoa Santa;3137601;64Kbps a 512Kbps;Wi-Fi;Rádio;1
2010;12;OUTROS;CENTRONET INTERNET LTDA;6,9544E+12;Pequeno Porte;RS;Campos Borges;4304101;64Kbps a 512Kbps;Wi-Fi;Rádio;1
2010;12;OUTROS;CENTRONET INTERNET LTDA;6,9544E+12;Pequeno Porte;RS;Soledade;4320800;512kbps a 2Mbps;Wi-Fi;Rádio;1
2010;12;OUTROS;CILNET COMUNICACAO E INFORMATICA LTDA;4,12786E+12;Pequeno Porte;CE;Sobral;2312908;0Kbps a 64Kbps;Wi-Fi;Rádio;220
2010;12;OUTROS;CENTRONET INTERNET LTDA;6,9544E+12;Pequeno Porte;RS;Espumoso;4307500;512kbps a 2Mbps;Wi-Fi;Rádio;20
2010;12;OUTROS;CILNET COMUNICACAO E INFORMATICA LTDA;4,12786E+12;Pequeno Porte;SP;Angatuba;3502200;64Kbps a 512Kbps;Wi-Fi;Rádio;1031
2010;12;OUTROS;CILNET COMUNICACAO E INFORMATICA LTDA;4,12786E+12;Pequeno Porte;SP;Cerquilho;3511508;64Kbps a 512Kbps;Wi-Fi;Rádio;1011
2010;12;OUTROS;CILNET COMUNICACAO E INFORMATICA LTDA;4,12786E+12;Pequeno Porte;CE;Sobral;2312908;64Kbps a 512Kbps;Wi-Fi;Rádio;966
2010;12;OUTROS;INFORMATICA ITAPIRANGA LTDA;9,3892E+11;Pequeno Porte;SC;São João do Oeste;4216255;64Kbps a 512Kbps;Wi-Fi;Rádio;186
2010;12;OUTROS;TCHETURBO PROVEDOR DE INTERNET LTDA;6,08928E+12;Pequeno Porte;RS;Frederico Westphalen;4308508;64Kbps a 512Kbps;Wi-Fi;Rádio;980
2010;12;OUTROS;TCHETURBO PROVEDOR DE INTERNET LTDA;6,08928E+12;Pequeno Porte;RS;Frederico Westphalen;4308508;512kbps a 2Mbps;Wi-Fi;Rádio;450
2010;12;OUTROS;CENTURY TELECOM LTDA;1,49264E+12;Pequeno Porte;MG;Nova Lima;3144805;2Mbps a 34Mbps;Wi-Fi;Rádio;3
2010;12;OUTROS;CENTURY TELECOM LTDA;1,49264E+12;Pequeno Porte;MG;Contagem;3118601;512kbps a 2Mbps;Wi-Fi;Rádio;5
2010;12;OUTROS;CENTURY TELECOM LTDA;1,49264E+12;Pequeno Porte;MG;Betim;3106705;64Kbps a 512Kbps;Wi-Fi;Rádio;15
2010;12;OUTROS;CENTURY TELECOM LTDA;1,49264E+12;Pequeno Porte;MG;Contagem;3118601;64Kbps a 512Kbps;Wi-Fi;Rádio;5
2010;12;OUTROS;CENTURY TELECOM LTDA;1,49264E+12;Pequeno Porte;MG;Nova Lima;3144805;512kbps a 2Mbps;Wi-Fi;Rádio;3
2010;12;OUTROS;CENTURY TELECOM LTDA;1,49264E+12;Pequeno Porte;MG;Contagem;3118601;2Mbps a 34Mbps;Wi-Fi;Rádio;1
2010;12;OUTROS;CENTRONET INTERNET LTDA;6,9544E+12;Pequeno Porte;RS;São Sepé;4319604;512kbps a 2Mbps;Wi-Fi;Rádio;454
2010;12;OUTROS;CENTRONET INTERNET LTDA;6,9544E+12;Pequeno Porte;RS;Sarandi;4320107;64Kbps a 512Kbps;Wi-Fi;Rádio;1
2010;12;OUTROS;CENTER PRESTADORA DE SERVICOS LTDA;5,01274E+12;Pequeno Porte;MG;Poços de Caldas;3151800;2Mbps a 34Mbps;Wi-Fi;Rádio;2
2010;12;OUTROS;CENTRO OESTE PROVEDOR DE INTERNET BANDA LARGA VIA RADIO LTDA.;9,16763E+12;Pequeno Porte;GO;Anápolis;5201108;64Kbps a 512Kbps;Wi-Fi;Rádio;432
2010;12;OUTROS;CENTRO OESTE PROVEDOR DE INTERNET BANDA LARGA VIA RADIO LTDA.;9,16763E+12;Pequeno Porte;GO;Anápolis;5201108;512kbps a 2Mbps;Wi-Fi;Rádio;4
2010;12;OUTROS;CENTRONET INTERNET LTDA;6,9544E+12;Pequeno Porte;RS;São Sepé;4319604;0Kbps a 64Kbps;Wi-Fi;Rádio;149
2010;12;OUTROS;CENTURY TELECOM LTDA;1,49264E+12;Pequeno Porte;MG;Belo Horizonte;3106200;512kbps a 2Mbps;Wi-Fi;Rádio;39
2010;12;OUTROS;CENTURY TELECOM LTDA;1,49264E+12;Pequeno Porte;MG;Ibirité;3129806;64Kbps a 512Kbps;Wi-Fi;Rádio;1
2010;12;OUTROS;CILNET COMUNICACAO E INFORMATICA LTDA;4,12786E+12;Pequeno Porte;SP;Sorocaba;3552205;512kbps a 2Mbps;Wi-Fi;Rádio;504
2010;12;OUTROS;CILNET COMUNICACAO E INFORMATICA LTDA;4,12786E+12;Pequeno Porte;SP;Angatuba;3502200;0Kbps a 64Kbps;Wi-Fi;Rádio;183
2010;12;OUTROS;CILNET COMUNICACAO E INFORMATICA LTDA;4,12786E+12;Pequeno Porte;CE;Sobral;2312908;512kbps a 2Mbps;Wi-Fi;Rádio;649
2010;12;OUTROS;CILNET COMUNICACAO E INFORMATICA LTDA;4,12786E+12;Pequeno Porte;SP;Cerquilho;3511508;512kbps a 2Mbps;Wi-Fi;Rádio;549
2010;12;OUTROS;CILNET COMUNICACAO E INFORMATICA LTDA;4,12786E+12;Pequeno Porte;SP;Altinópolis;3501004;64Kbps a 512Kbps;Wi-Fi;Rádio;1066
2010;12;OUTROS;CENTRONET INTERNET LTDA;6,9544E+12;Pequeno Porte;RS;Júlio de Castilhos;4311205;512kbps a 2Mbps;Wi-Fi;Rádio;13
2010;12;OUTROS;CENTRONET INTERNET LTDA;6,9544E+12;Pequeno Porte;RS;Espumoso;4307500;0Kbps a 64Kbps;Wi-Fi;Rádio;7
2010;12;OUTROS;CENTRONET INTERNET LTDA;6,9544E+12;Pequeno Porte;RS;Júlio de Castilhos;4311205;64Kbps a 512Kbps;Wi-Fi;Rádio;16
2010;12;OUTROS;CENTURY TELECOM LTDA;1,49264E+12;Pequeno Porte;MG;Betim;3106705;512kbps a 2Mbps;Wi-Fi;Rádio;8
2010;12;OUTROS;CENTURY TELECOM LTDA;1,49264E+12;Pequeno Porte;MG;Contagem;3118601;0Kbps a 64Kbps;Wi-Fi;Rádio;1
2010;12;OUTROS;CENTRONET INTERNET LTDA;6,9544E+12;Pequeno Porte;RS;Tapera;4321006;64Kbps a 512Kbps;Wi-Fi;Rádio;1
2010;12;OUTROS;CILNET COMUNICACAO E INFORMATICA LTDA;4,12786E+12;Pequeno Porte;SP;Altinópolis;3501004;512kbps a 2Mbps;Wi-Fi;Rádio;527
2010;12;OUTROS;CILNET COMUNICACAO E INFORMATICA LTDA;4,12786E+12;Pequeno Porte;SP;Sorocaba;3552205;64Kbps a 512Kbps;Wi-Fi;Rádio;1116
2010;12;OUTROS;CILNET COMUNICACAO E INFORMATICA LTDA;4,12786E+12;Pequeno Porte;SP;Angatuba;3502200;512kbps a 2Mbps;Wi-Fi;Rádio;621
2010;12;OUTROS;CILNET COMUNICACAO E INFORMATICA LTDA;4,12786E+12;Pequeno Porte;SP;Altinópolis;3501004;0Kbps a 64Kbps;Wi-Fi;Rádio;242
2010;12;OUTROS;CENTRONET INTERNET LTDA;6,9544E+12;Pequeno Porte;RS;Rondinha;4316204;64Kbps a 512Kbps;Wi-Fi;Rádio;1
2010;12;OUTROS;CENTRONET INTERNET LTDA;6,9544E+12;Pequeno Porte;RS;Espumoso;4307500;64Kbps a 512Kbps;Wi-Fi;Rádio;30
2010;12;OUTROS;CENTER PRESTADORA DE SERVICOS LTDA;5,01274E+12;Pequeno Porte;MG;Botelhos;3108404;64Kbps a 512Kbps;Wi-Fi;Rádio;210
2010;12;OUTROS;CENTRONET INTERNET LTDA;6,9544E+12;Pequeno Porte;RS;São Sepé;4319604;64Kbps a 512Kbps;Wi-Fi;Rádio;782
2010;12;OUTROS;CENTRONET INTERNET LTDA;6,9544E+12;Pequeno Porte;RS;Júlio de Castilhos;4311205;0Kbps a 64Kbps;Wi-Fi;Rádio;1
2010;12;OUTROS;CLEAN NET TELECOMUNICACOES LTDA;9,20962E+13;Pequeno Porte;RS;Campo Bom;4303905;512kbps a 2Mbps;Wi-Fi;Rádio;541
2010;12;OUTROS;CLEAN NET TELECOMUNICACOES LTDA;9,20962E+13;Pequeno Porte;RS;Campo Bom;4303905;64Kbps a 512Kbps;Wi-Fi;Rádio;652
2010;12;OUTROS;CLICK TECNOLOGIA E TELECOMUNICACAO LTDA;4,48369E+12;Pequeno Porte;MG;Perdizes;3149804;0Kbps a 64Kbps;Wi-Fi;Rádio;22
2010;12;OUTROS;CLICK TECNOLOGIA E TELECOMUNICACAO LTDA;4,48369E+12;Pequeno Porte;MG;São Gotardo;3162104;0Kbps a 64Kbps;Wi-Fi;Rádio;41
2010;12;OUTROS;CLICK TECNOLOGIA E TELECOMUNICACAO LTDA;4,48369E+12;Pequeno Porte;MG;Ibiá;3129509;0Kbps a 64Kbps;Wi-Fi;Rádio;32
2010;12;OUTROS;CLICK TECNOLOGIA E TELECOMUNICACAO LTDA;4,48369E+12;Pequeno Porte;MG;São Gotardo;3162104;64Kbps a 512Kbps;Wi-Fi;Rádio;245
2010;12;OUTROS;CLICK TECNOLOGIA E TELECOMUNICACAO LTDA;4,48369E+12;Pequeno Porte;MG;Araxá;3104007;64Kbps a 512Kbps;Wi-Fi;Rádio;202
2010;12;OUTROS;CLICK TECNOLOGIA E TELECOMUNICACAO LTDA;4,48369E+12;Pequeno Porte;MG;Ibiá;3129509;512kbps a 2Mbps;Wi-Fi;Rádio;144
2010;12;OUTROS;CAWEB INFORMATICA LTDA - ME;3,41785E+12;Pequeno Porte;MA;Codó;2103307;64Kbps a 512Kbps;Wi-Fi;Rádio;250
2010;12;OUTROS;CAWEB INFORMATICA LTDA - ME;3,41785E+12;Pequeno Porte;MA;Codó;2103307;2Mbps a 34Mbps;FWA;Rádio;8
2010;12;OUTROS;CLONIX TELECOM EIRELI - ME;4,58869E+12;Pequeno Porte;SC;Içara;4207007;64Kbps a 512Kbps;Wi-Fi;Rádio;86
2010;12;OUTROS;CLICK TECNOLOGIA E TELECOMUNICACAO LTDA;4,48369E+12;Pequeno Porte;MG;Perdizes;3149804;512kbps a 2Mbps;Wi-Fi;Rádio;144
2010;12;OUTROS;CLONIX TELECOM EIRELI - ME;4,58869E+12;Pequeno Porte;SC;Criciúma;4204608;64Kbps a 512Kbps;Wi-Fi;Rádio;371
2010;12;OUTROS;CLEAN NET TELECOMUNICACOES LTDA;9,20962E+13;Pequeno Porte;RS;Campo Bom;4303905;0Kbps a 64Kbps;Wi-Fi;Rádio;72
2010;12;OUTROS;CERTTO TELECOMUNICACOES LTDA;7,96307E+11;Pequeno Porte;PR;Toledo;4127700;512kbps a 2Mbps;Wi-Fi;Rádio;114
2010;12;OUTROS;CENTER PRESTADORA DE SERVICOS LTDA;5,01274E+12;Pequeno Porte;MG;Bandeira do Sul;3105301;64Kbps a 512Kbps;Wi-Fi;Rádio;21
2010;12;OUTROS;CENTER PRESTADORA DE SERVICOS LTDA;5,01274E+12;Pequeno Porte;SP;São Sebastião da Grama;3550803;64Kbps a 512Kbps;Wi-Fi;Rádio;29
2010;12;OUTROS;CENTER PRESTADORA DE SERVICOS LTDA;5,01274E+12;Pequeno Porte;MG;Cabo Verde;3109501;64Kbps a 512Kbps;Wi-Fi;Rádio;112
2010;12;OUTROS;CENTER PRESTADORA DE SERVICOS LTDA;5,01274E+12;Pequeno Porte;MG;Divisa Nova;3122405;512kbps a 2Mbps;Wi-Fi;Rádio;1
2010;12;OUTROS;CENTURY TELECOM LTDA;1,49264E+12;Pequeno Porte;MG;Vespasiano;3171204;64Kbps a 512Kbps;Wi-Fi;Rádio;5
2010;12;OUTROS;CI CENTRO DE INFORMACOES LTDA ME;3,27134E+13;Pequeno Porte;SE;Aracaju;2800308;2Mbps a 34Mbps;Wi-Fi;Rádio;2
2010;12;OUTROS;CENTURY TELECOM LTDA;1,49264E+12;Pequeno Porte;MG;Belo Horizonte;3106200;2Mbps a 34Mbps;Wi-Fi;Rádio;10
2010;12;OUTROS;CI CENTRO DE INFORMACOES LTDA ME;3,27134E+13;Pequeno Porte;SE;Laranjeiras;2803609;512kbps a 2Mbps;Wi-Fi;Rádio;1
2010;12;OUTROS;CENTURY TELECOM LTDA;1,49264E+12;Pequeno Porte;MG;Belo Horizonte;3106200;64Kbps a 512Kbps;Wi-Fi;Rádio;45
2010;12;OUTROS;CI CENTRO DE INFORMACOES LTDA ME;3,27134E+13;Pequeno Porte;SE;Estância;2802106;512kbps a 2Mbps;Wi-Fi;Rádio;1
2010;12;OUTROS;CERTTO TELECOMUNICACOES LTDA;7,96307E+11;Pequeno Porte;PR;Cascavel;4104808;512kbps a 2Mbps;Wi-Fi;Rádio;125
2010;12;OUTROS;CENTURY TELECOM LTDA;1,49264E+12;Pequeno Porte;MG;Santa Luzia;3157807;64Kbps a 512Kbps;Wi-Fi;Rádio;1
2010;12;OUTROS;CERTTO TELECOMUNICACOES LTDA;7,96307E+11;Pequeno Porte;PR;Cascavel;4104808;2Mbps a 34Mbps;Wi-Fi;Rádio;1
2010;12;OUTROS;CERTTO TELECOMUNICACOES LTDA;7,96307E+11;Pequeno Porte;PR;Cascavel;4104808;64Kbps a 512Kbps;Wi-Fi;Rádio;795
2010;12;OUTROS;CILNET COMUNICACAO E INFORMATICA LTDA;4,12786E+12;Pequeno Porte;SP;Sorocaba;3552205;0Kbps a 64Kbps;Wi-Fi;Rádio;215
