﻿Ano;Mês;Grupo Econômico;Empresa;CNPJ;Porte da Prestadora;UF;Município;Código IBGE Município;Faixa de Velocidade;Tecnologia;Meio de Acesso;Acessos
2020;3;OUTROS;Brisanet Servicos de Telecomunicacoes Ltda;04601397000128;Pequeno Porte;RN;Coronel João Pessoa;2402907;2Mbps a 12Mbps;Wi-Fi;Rádio;70
2020;3;OUTROS;BRASCONECT INFORMATICA LTDA;08631655000170;Pequeno Porte;MG;Piranguinho;3151008;12Mbps a 34Mbps;Fibra;Fibra Óptica;36
2020;3;OUTROS;BRASCONECT INFORMATICA LTDA;08631655000170;Pequeno Porte;MG;Brazópolis;3108909;12Mbps a 34Mbps;Fibra;Fibra Óptica;169
2020;3;OUTROS;BRAWNET COMERCIO E SERVIÇOS LTDA  ME;14390970000155;Pequeno Porte;BA;Barreiras;2903201;12Mbps a 34Mbps;Fibra;Fibra Óptica;595
2020;3;OUTROS;BRAWNET COMERCIO E SERVIÇOS LTDA  ME;14390970000155;Pequeno Porte;BA;Barreiras;2903201;> 34Mbps;Fibra;Fibra Óptica;70
2020;3;OUTROS;BRAWNET COMERCIO E SERVIÇOS LTDA  ME;14390970000155;Pequeno Porte;BA;Barreiras;2903201;2Mbps a 12Mbps;ETHERNET;Cabos Metálicos;950
2020;3;TELECOM ITALIA;TIM;02421421000111;Grande Porte;PR;Curitiba;4106902;2Mbps a 12Mbps;Fibra;Fibra Óptica;38
2020;3;OUTROS;BRAITTNER PORTUGAL MARCOLINO - ME;23583416000185;Pequeno Porte;SP;Serra Azul;3551405;> 34Mbps;Fibra;Fibra Óptica;41
2020;3;OUTROS;BRASCONECT INFORMATICA LTDA;08631655000170;Pequeno Porte;MG;Brazópolis;3108909;2Mbps a 12Mbps;Fibra;Fibra Óptica;16
2020;3;OUTROS;BOSSATTO DARE TELECOMUNICACOES LTDA;26639806000118;Pequeno Porte;RJ;Arraial do Cabo;3300258;> 34Mbps;Fibra;Fibra Óptica;790
2020;3;OUTROS;BRASCONECT INFORMATICA LTDA;08631655000170;Pequeno Porte;MG;Piranguinho;3151008;512kbps a 2Mbps;Wi-Fi;Rádio;36
2020;3;OUTROS;Brisanet Servicos de Telecomunicacoes Ltda;04601397000128;Pequeno Porte;RN;Coronel João Pessoa;2402907;> 34Mbps;Fibra;Fibra Óptica;301
2020;3;OUTROS;BRABECNET - SERVICOS DE COMUNICACAO MULTIMIDIA LTDA;08999652000193;Pequeno Porte;SE;Brejo Grande;2800704;512kbps a 2Mbps;Wi-Fi;Rádio;3
2020;3;OUTROS;BORILLE SERVIÇOS DE TELECOMUNICAÇÕES LTDA;10460953000196;Pequeno Porte;PR;União da Vitória;4128203;512kbps a 2Mbps;Wi-Fi;Rádio;398
2020;3;OUTROS;CENTURY TELECOM LTDA;01492641000173;Pequeno Porte;MG;Betim;3106705;2Mbps a 12Mbps;Fibra;Fibra Óptica;25
2020;3;OUTROS;BRABECNET - SERVICOS DE COMUNICACAO MULTIMIDIA LTDA;08999652000193;Pequeno Porte;SE;Gararu;2802403;2Mbps a 12Mbps;Wi-Fi;Rádio;22
2020;3;OUTROS;CENTURY TELECOM LTDA;01492641000173;Pequeno Porte;MG;Ibirité;3129806;512kbps a 2Mbps;WIMAX;Rádio;1
2020;3;OUTROS;BRASIL CONECT LTDA - ME;19268024000154;Pequeno Porte;BA;Alagoinhas;2900702;2Mbps a 12Mbps;ETHERNET;Cabos Metálicos;1090
2020;3;OUTROS;BRASIL DIGITAL SERVIÇOS DE INFORMÁTICA E COMÉRCIO LTDA - ME;14629705000187;Pequeno Porte;RO;Porto Velho;1100205;12Mbps a 34Mbps;Fibra;Fibra Óptica;250
2020;3;OUTROS;BRASIL CONECT LTDA - ME;19268024000154;Pequeno Porte;BA;Alagoinhas;2900702;12Mbps a 34Mbps;ETHERNET;Cabos Metálicos;638
2020;3;TELEFÔNICA;VIVO;02558157000162;Grande Porte;SP;Suzano;3552502;12Mbps a 34Mbps;Fibra;Fibra Óptica;808
2020;3;OUTROS;BRASNET MULTI INFORMATICA LTDA - ME;10919107000191;Pequeno Porte;MG;Jordânia;3136504;0Kbps a 512Kbps;FWA;Rádio;4
2020;3;OUTROS;BRABECNET - SERVICOS DE COMUNICACAO MULTIMIDIA LTDA;08999652000193;Pequeno Porte;SE;Japaratuba;2803302;2Mbps a 12Mbps;Wi-Fi;Rádio;8
2020;3;TELEFÔNICA;VIVO;02558157000162;Grande Porte;MA;São Luís;2111300;12Mbps a 34Mbps;Fibra;Fibra Óptica;67
2020;3;OUTROS;BRASTURBO TELECOMUNICAÇÕES LTDA;11766790000137;Pequeno Porte;SP;Tapiratiba;3553609;> 34Mbps;Fibra;Fibra Óptica;22
2020;3;OUTROS;BRASTURBO TELECOMUNICAÇÕES LTDA;11766790000137;Pequeno Porte;MG;Arceburgo;3104106;2Mbps a 12Mbps;Wi-Fi;Rádio;15
2020;3;OUTROS;BRASTURBO TELECOMUNICAÇÕES LTDA;11766790000137;Pequeno Porte;MG;Guaranésia;3128303;12Mbps a 34Mbps;Fibra;Fibra Óptica;536
2020;3;OUTROS;BRASNET MULTI INFORMATICA LTDA - ME;10919107000191;Pequeno Porte;MG;Jordânia;3136504;2Mbps a 12Mbps;FWA;Rádio;345
2020;3;TELEFÔNICA;VIVO;02558157000162;Grande Porte;SC;Jaraguá do Sul;4208906;> 34Mbps;Fibra;Fibra Óptica;2269
2020;3;TELEFÔNICA;VIVO;02558157000162;Grande Porte;RS;Guaíba;4309308;12Mbps a 34Mbps;Fibra;Fibra Óptica;52
2020;3;OUTROS;BRC TELECOMUNICACOES EIRELI;02092296000143;Pequeno Porte;SP;Tatuí;3554003;> 34Mbps;Wi-Fi;Rádio;9
2020;3;OUTROS;BRASILNET TELECOMUNICACOES LTDA;06317574000174;Pequeno Porte;RJ;Cordeiro;3301504;512kbps a 2Mbps;ETHERNET;Cabos Metálicos;536
2020;3;OUTROS;BRASILNET TELECOMUNICACOES LTDA;06317574000174;Pequeno Porte;RJ;Cordeiro;3301504;0Kbps a 512Kbps;ETHERNET;Cabos Metálicos;20
2020;3;OUTROS;BRASILNETWORKS SOLUCOES DIGITAIS LTDA - ME;13683761000137;Pequeno Porte;MS;Campo Grande;5002704;2Mbps a 12Mbps;Wi-Fi;Rádio;121
2020;3;OUTROS;BRASNET MULTI INFORMATICA LTDA - ME;10919107000191;Pequeno Porte;MG;Jordânia;3136504;12Mbps a 34Mbps;Fibra;Fibra Óptica;250
2020;3;OUTROS;BRASNET MULTI INFORMATICA LTDA - ME;10919107000191;Pequeno Porte;MG;Jordânia;3136504;512kbps a 2Mbps;FWA;Rádio;224
2020;3;OUTROS;BRASTURBO TELECOMUNICAÇÕES LTDA;11766790000137;Pequeno Porte;MG;Arceburgo;3104106;512kbps a 2Mbps;Wi-Fi;Rádio;20
2020;3;OUTROS;BRASTURBO TELECOMUNICAÇÕES LTDA;11766790000137;Pequeno Porte;MG;Guaranésia;3128303;> 34Mbps;Fibra;Fibra Óptica;395
2020;3;OUTROS;BRASNET MULTI INFORMATICA LTDA - ME;10919107000191;Pequeno Porte;MG;Jordânia;3136504;> 34Mbps;Fibra;Fibra Óptica;1
2020;3;OUTROS;BRASNET MULTI INFORMATICA LTDA - ME;10919107000191;Pequeno Porte;MG;Jordânia;3136504;12Mbps a 34Mbps;FWA;Rádio;8
2020;3;OUTROS;BRASILNETWORKS SOLUCOES DIGITAIS LTDA - ME;13683761000137;Pequeno Porte;MS;Campo Grande;5002704;> 34Mbps;Wi-Fi;Rádio;5
2020;3;OUTROS;Brisanet Servicos de Telecomunicacoes Ltda;04601397000128;Pequeno Porte;CE;Russas;2311801;2Mbps a 12Mbps;Fibra;Fibra Óptica;649
2020;3;OUTROS;BRASTURBO TELECOMUNICAÇÕES LTDA;11766790000137;Pequeno Porte;MG;Guaranésia;3128303;2Mbps a 12Mbps;Wi-Fi;Rádio;161
2020;3;OUTROS;BRASTURBO TELECOMUNICAÇÕES LTDA;11766790000137;Pequeno Porte;MG;Arceburgo;3104106;12Mbps a 34Mbps;Fibra;Fibra Óptica;120
2020;3;OUTROS;BRASTURBO TELECOMUNICAÇÕES LTDA;11766790000137;Pequeno Porte;SP;Tapiratiba;3553609;2Mbps a 12Mbps;Wi-Fi;Rádio;7
2020;3;OUTROS;BRAWNET COMERCIO E SERVIÇOS LTDA  ME;14390970000155;Pequeno Porte;BA;Barreiras;2903201;12Mbps a 34Mbps;ETHERNET;Cabos Metálicos;188
2020;3;OUTROS;BRC TELECOMUNICACOES EIRELI;02092296000143;Pequeno Porte;SP;Alambari;3500758;2Mbps a 12Mbps;Wi-Fi;Rádio;5
2020;3;OUTROS;BRC TELECOMUNICACOES EIRELI;02092296000143;Pequeno Porte;SP;Tatuí;3554003;2Mbps a 12Mbps;Wi-Fi;Rádio;7
2020;3;OUTROS;BRASTURBO TELECOMUNICAÇÕES LTDA;11766790000137;Pequeno Porte;MG;Guaxupé;3128709;512kbps a 2Mbps;Wi-Fi;Rádio;1
2020;3;OUTROS;BRASTURBO TELECOMUNICAÇÕES LTDA;11766790000137;Pequeno Porte;MG;Arceburgo;3104106;2Mbps a 12Mbps;Fibra;Fibra Óptica;30
2020;3;TELEFÔNICA;VIVO;02558157000162;Grande Porte;RJ;Rio de Janeiro;3304557;12Mbps a 34Mbps;Fibra;Fibra Óptica;1274
2020;3;TELEFÔNICA;VIVO;02558157000162;Grande Porte;SP;Guarujá;3518701;12Mbps a 34Mbps;Fibra;Fibra Óptica;397
2020;3;OUTROS;BRASCONECT INFORMATICA LTDA;08631655000170;Pequeno Porte;MG;Piranguinho;3151008;2Mbps a 12Mbps;Fibra;Fibra Óptica;8
2020;3;TELEFÔNICA;VIVO;02558157000162;Grande Porte;MG;Betim;3106705;> 34Mbps;Fibra;Fibra Óptica;4509
2020;3;OUTROS;BRASCONECT INFORMATICA LTDA;08631655000170;Pequeno Porte;MG;Brazópolis;3108909;2Mbps a 12Mbps;Wi-Fi;Rádio;378
2020;3;TELEFÔNICA;VIVO;02558157000162;Grande Porte;SP;São Bernardo do Campo;3548708;12Mbps a 34Mbps;Fibra;Fibra Óptica;2617
2020;3;OUTROS;BRASTURBO TELECOMUNICAÇÕES LTDA;11766790000137;Pequeno Porte;SP;Caconde;3508702;2Mbps a 12Mbps;Wi-Fi;Rádio;1
2020;3;OUTROS;BRASTURBO TELECOMUNICAÇÕES LTDA;11766790000137;Pequeno Porte;SP;Mococa;3530508;512kbps a 2Mbps;Wi-Fi;Rádio;2
2020;3;OUTROS;BRASTURBO TELECOMUNICAÇÕES LTDA;11766790000137;Pequeno Porte;MG;Guaranésia;3128303;512kbps a 2Mbps;Wi-Fi;Rádio;115
2020;3;OUTROS;Brisanet Servicos de Telecomunicacoes Ltda;04601397000128;Pequeno Porte;CE;Morada Nova;2308708;> 34Mbps;Fibra;Fibra Óptica;4180
2020;3;OUTROS;Brisanet Servicos de Telecomunicacoes Ltda;04601397000128;Pequeno Porte;PE;Toritama;2615409;12Mbps a 34Mbps;Fibra;Fibra Óptica;22
2020;3;OUTROS;Brisanet Servicos de Telecomunicacoes Ltda;04601397000128;Pequeno Porte;PB;Brejo do Cruz;2502805;12Mbps a 34Mbps;Fibra;Fibra Óptica;4
2020;3;OUTROS;Brisanet Servicos de Telecomunicacoes Ltda;04601397000128;Pequeno Porte;RN;Mossoró;2408003;12Mbps a 34Mbps;Fibra;Fibra Óptica;1507
2020;3;OUTROS;CD ONE CORPORATION DO BRASIL LTDA;02286354000170;Pequeno Porte;SP;Iperó;3521002;512kbps a 2Mbps;Wi-Fi;Rádio;1
2020;3;TELEFÔNICA;VIVO;02558157000162;Grande Porte;SP;Itatiba;3523404;512kbps a 2Mbps;Fibra;Fibra Óptica;2
2020;3;TELEFÔNICA;VIVO;02558157000162;Grande Porte;CE;Fortaleza;2304400;0Kbps a 512Kbps;Fibra;Fibra Óptica;1
2020;3;OUTROS;Brisanet Servicos de Telecomunicacoes Ltda;04601397000128;Pequeno Porte;RN;Marcelino Vieira;2407302;> 34Mbps;Fibra;Fibra Óptica;6
2020;3;OUTROS;Brisanet Servicos de Telecomunicacoes Ltda;04601397000128;Pequeno Porte;PB;Uiraúna;2516904;> 34Mbps;Fibra;Fibra Óptica;686
2020;3;OUTROS;Brisanet Servicos de Telecomunicacoes Ltda;04601397000128;Pequeno Porte;CE;Missão Velha;2308401;12Mbps a 34Mbps;Fibra;Fibra Óptica;160
2020;3;TELEFÔNICA;VIVO;02558157000162;Grande Porte;SP;Itu;3523909;12Mbps a 34Mbps;Fibra;Fibra Óptica;678
2020;3;TELEFÔNICA;VIVO;02558157000162;Grande Porte;MG;Divinópolis;3122306;12Mbps a 34Mbps;Fibra;Fibra Óptica;362
2020;3;TELEFÔNICA;VIVO;02558157000162;Grande Porte;SP;Hortolândia;3519071;> 34Mbps;Fibra;Fibra Óptica;16852
2020;3;TELEFÔNICA;VIVO;02558157000162;Grande Porte;RS;Ijuí;4310207;> 34Mbps;Fibra;Fibra Óptica;1615
2020;3;TELEFÔNICA;VIVO;02558157000162;Grande Porte;SP;Piracicaba;3538709;12Mbps a 34Mbps;Fibra;Fibra Óptica;1568
2020;3;OUTROS;BRABECNET - SERVICOS DE COMUNICACAO MULTIMIDIA LTDA;08999652000193;Pequeno Porte;SE;Aracaju;2800308;512kbps a 2Mbps;Wi-Fi;Rádio;109
2020;3;TELEFÔNICA;VIVO;02558157000162;Grande Porte;SP;Arujá;3503901;> 34Mbps;Fibra;Fibra Óptica;38
2020;3;TELEFÔNICA;VIVO;02558157000162;Grande Porte;SP;Guarantã;3518107;> 34Mbps;Fibra;Fibra Óptica;1
2020;3;OUTROS;Brisanet Servicos de Telecomunicacoes Ltda;04601397000128;Pequeno Porte;RN;João Câmara;2405801;2Mbps a 12Mbps;Fibra;Fibra Óptica;1
2020;3;OUTROS;BRABECNET - SERVICOS DE COMUNICACAO MULTIMIDIA LTDA;08999652000193;Pequeno Porte;SE;Gararu;2802403;512kbps a 2Mbps;Wi-Fi;Rádio;15
2020;3;OUTROS;BRABECNET - SERVICOS DE COMUNICACAO MULTIMIDIA LTDA;08999652000193;Pequeno Porte;SE;Japaratuba;2803302;512kbps a 2Mbps;Wi-Fi;Rádio;31
2020;3;OUTROS;BRASIL DIGITAL SERVIÇOS DE INFORMÁTICA E COMÉRCIO LTDA - ME;14629705000187;Pequeno Porte;RO;Porto Velho;1100205;512kbps a 2Mbps;Wi-Fi;Rádio;229
2020;3;OUTROS;BRASIL DIGITAL SERVIÇOS DE INFORMÁTICA E COMÉRCIO LTDA - ME;14629705000187;Pequeno Porte;RO;Porto Velho;1100205;512kbps a 2Mbps;Fibra;Fibra Óptica;25
2020;3;OUTROS;BRABECNET - SERVICOS DE COMUNICACAO MULTIMIDIA LTDA;08999652000193;Pequeno Porte;SE;Laranjeiras;2803609;2Mbps a 12Mbps;Wi-Fi;Rádio;1
2020;3;OUTROS;Brisanet Servicos de Telecomunicacoes Ltda;04601397000128;Pequeno Porte;PE;Serra Talhada;2613909;12Mbps a 34Mbps;Fibra;Fibra Óptica;7
2020;3;OUTROS;BRABECNET - SERVICOS DE COMUNICACAO MULTIMIDIA LTDA;08999652000193;Pequeno Porte;SE;Pirambu;2805307;2Mbps a 12Mbps;Wi-Fi;Rádio;26
2020;3;OUTROS;Brisanet Servicos de Telecomunicacoes Ltda;04601397000128;Pequeno Porte;CE;Banabuiú;2301851;12Mbps a 34Mbps;Fibra;Fibra Óptica;4
2020;3;OUTROS;Brisanet Servicos de Telecomunicacoes Ltda;04601397000128;Pequeno Porte;CE;Orós;2309508;2Mbps a 12Mbps;Wi-Fi;Rádio;4
2020;3;OUTROS;CENTURY TELECOM LTDA;01492641000173;Pequeno Porte;MG;Congonhas;3118007;> 34Mbps;WIMAX;Rádio;1
2020;3;OUTROS;CENTURY TELECOM LTDA;01492641000173;Pequeno Porte;MG;Belo Horizonte;3106200;512kbps a 2Mbps;WIMAX;Rádio;110
2020;3;OUTROS;CENTURY TELECOM LTDA;01492641000173;Pequeno Porte;MG;Betim;3106705;512kbps a 2Mbps;Fibra;Fibra Óptica;6
2020;3;OUTROS;CENTURY TELECOM LTDA;01492641000173;Pequeno Porte;MG;Contagem;3118601;0Kbps a 512Kbps;WIMAX;Rádio;5
2020;3;OUTROS;CENTURY TELECOM LTDA;01492641000173;Pequeno Porte;MG;Itabirito;3131901;12Mbps a 34Mbps;WIMAX;Rádio;1
2020;3;OUTROS;CENTURY TELECOM LTDA;01492641000173;Pequeno Porte;MG;Betim;3106705;> 34Mbps;Fibra;Fibra Óptica;10
2020;3;OUTROS;CENTURY TELECOM LTDA;01492641000173;Pequeno Porte;MG;Santa Luzia;3157807;> 34Mbps;Fibra;Fibra Óptica;1
2020;3;OUTROS;CENTURY TELECOM LTDA;01492641000173;Pequeno Porte;MG;Ribeirão das Neves;3154606;12Mbps a 34Mbps;WIMAX;Rádio;2
2020;3;OUTROS;CENTURY TELECOM LTDA;01492641000173;Pequeno Porte;MG;Betim;3106705;12Mbps a 34Mbps;Fibra;Fibra Óptica;25
2020;3;OUTROS;CENTURY TELECOM LTDA;01492641000173;Pequeno Porte;MG;Nova Lima;3144805;512kbps a 2Mbps;WIMAX;Rádio;18
2020;3;OUTROS;CENTURY TELECOM LTDA;01492641000173;Pequeno Porte;MG;Sete Lagoas;3167202;2Mbps a 12Mbps;WIMAX;Rádio;2
2020;3;OUTROS;CENTURY TELECOM LTDA;01492641000173;Pequeno Porte;MG;Nova Lima;3144805;12Mbps a 34Mbps;WIMAX;Rádio;1
2020;3;OUTROS;CENTURY TELECOM LTDA;01492641000173;Pequeno Porte;MG;Belo Horizonte;3106200;0Kbps a 512Kbps;Fibra;Fibra Óptica;10
