﻿Ano;Mês;Grupo Econômico;Empresa;CNPJ;Porte da Prestadora;UF;Município;Código IBGE Município;Faixa de Velocidade;Tecnologia;Meio de Acesso;Acessos
2012;12;OUTROS;BRASCONECT INFORMATICA LTDA;8,63166E+12;Pequeno Porte;MG;Itajubá;3132404;0Kbps a 512Kbps;Wi-Fi;Rádio;24
2012;12;OUTROS;BORILLE SERVIÇOS DE TELECOMUNICAÇÕES LTDA;1,0461E+13;Pequeno Porte;PR;União da Vitória;4128203;512kbps a 2Mbps;Wi-Fi;Rádio;360
2012;12;OUTROS;BRABECNET - SERVICOS DE COMUNICACAO MULTIMIDIA LTDA;8,99965E+12;Pequeno Porte;SE;Brejo Grande;2800704;0Kbps a 512Kbps;Wi-Fi;Rádio;29
2012;12;OUTROS;BRASILNET TELECOMUNICACOES LTDA;6,31757E+12;Pequeno Porte;PR;Irati;4110706;2Mbps a 12Mbps;ETHERNET;Cabos Metálicos;15
2012;12;OUTROS;BRC TELECOMUNICACOES EIRELI;2,0923E+12;Pequeno Porte;SP;Boituva;3507001;512kbps a 2Mbps;Wi-Fi;Rádio;273
2012;12;OUTROS;BRASILNET TELECOMUNICACOES LTDA;6,31757E+12;Pequeno Porte;RJ;Cordeiro;3301504;2Mbps a 12Mbps;ETHERNET;Cabos Metálicos;91
2012;12;OUTROS;BRASCONECT INFORMATICA LTDA;8,63166E+12;Pequeno Porte;MG;Itajubá;3132404;512kbps a 2Mbps;Wi-Fi;Rádio;150
2012;12;OUTROS;BRASCONECT INFORMATICA LTDA;8,63166E+12;Pequeno Porte;MG;Brazópolis;3108909;0Kbps a 512Kbps;Wi-Fi;Rádio;27
2012;12;OUTROS;BRABECNET - SERVICOS DE COMUNICACAO MULTIMIDIA LTDA;8,99965E+12;Pequeno Porte;SE;Riachuelo;2805901;512kbps a 2Mbps;Wi-Fi;Rádio;1
2012;12;OUTROS;BRABECNET - SERVICOS DE COMUNICACAO MULTIMIDIA LTDA;8,99965E+12;Pequeno Porte;SE;Capela;2801306;512kbps a 2Mbps;Wi-Fi;Rádio;5
2012;12;OUTROS;BRABECNET - SERVICOS DE COMUNICACAO MULTIMIDIA LTDA;8,99965E+12;Pequeno Porte;SE;Neópolis;2804409;512kbps a 2Mbps;Wi-Fi;Rádio;1
2012;12;OUTROS;BRABECNET - SERVICOS DE COMUNICACAO MULTIMIDIA LTDA;8,99965E+12;Pequeno Porte;SE;Nossa Senhora de Lourdes;2804706;0Kbps a 512Kbps;Wi-Fi;Rádio;47
2012;12;OUTROS;BRABECNET - SERVICOS DE COMUNICACAO MULTIMIDIA LTDA;8,99965E+12;Pequeno Porte;SE;Pirambu;2805307;0Kbps a 512Kbps;Wi-Fi;Rádio;15
2012;12;OUTROS;CENTURY TELECOM LTDA;1,49264E+12;Pequeno Porte;MG;Belo Horizonte;3106200;2Mbps a 12Mbps;FWA;Rádio;2
2012;12;OUTROS;AMERICA NET LTDA;1,77897E+12;Pequeno Porte;SP;Cotia;3513009;2Mbps a 12Mbps;Wi-Fi;Rádio;18
2012;12;OUTROS;AMERICA NET LTDA;1,77897E+12;Pequeno Porte;SP;Santos;3548500;512kbps a 2Mbps;Wi-Fi;Rádio;14
2012;12;OUTROS;AMERICA NET LTDA;1,77897E+12;Pequeno Porte;RJ;Rio de Janeiro;3304557;512kbps a 2Mbps;Wi-Fi;Rádio;8
2012;12;OUTROS;AMERICA NET LTDA;1,77897E+12;Pequeno Porte;SP;São Paulo;3550308;2Mbps a 12Mbps;Wi-Fi;Rádio;3
2012;12;OUTROS;BRASIL SERVIÇOS DE TELECOMUNICAÇÕES LTDA;7,75665E+12;Pequeno Porte;RS;Santa Maria;4316907;0Kbps a 512Kbps;Wi-Fi;Rádio;67
2012;12;OUTROS;CENTER PRESTADORA DE SERVICOS LTDA;5,01274E+12;Pequeno Porte;SP;Mococa;3530508;512kbps a 2Mbps;Wi-Fi;Rádio;23
2012;12;OUTROS;AMERICA NET LTDA;1,77897E+12;Pequeno Porte;SP;São Paulo;3550308;0Kbps a 512Kbps;Wi-Fi;Rádio;58
2012;12;OUTROS;AMERICA NET LTDA;1,77897E+12;Pequeno Porte;RS;Porto Alegre;4314902;512kbps a 2Mbps;Wi-Fi;Rádio;10
2012;12;OUTROS;CENTER PRESTADORA DE SERVICOS LTDA;5,01274E+12;Pequeno Porte;SP;Caconde;3508702;0Kbps a 512Kbps;Wi-Fi;Rádio;54
2012;12;OUTROS;CENTER PRESTADORA DE SERVICOS LTDA;5,01274E+12;Pequeno Porte;MG;Albertina;3101409;0Kbps a 512Kbps;Wi-Fi;Rádio;7
2012;12;OUTROS;CENTURY TELECOM LTDA;1,49264E+12;Pequeno Porte;MG;Ribeirão das Neves;3154606;512kbps a 2Mbps;WIMAX;Rádio;1
2012;12;OUTROS;BRABECNET - SERVICOS DE COMUNICACAO MULTIMIDIA LTDA;8,99965E+12;Pequeno Porte;SE;Nossa Senhora do Socorro;2804805;0Kbps a 512Kbps;Wi-Fi;Rádio;8
2012;12;OUTROS;BRABECNET - SERVICOS DE COMUNICACAO MULTIMIDIA LTDA;8,99965E+12;Pequeno Porte;SE;Aracaju;2800308;512kbps a 2Mbps;Wi-Fi;Rádio;202
2012;12;OUTROS;BRABECNET - SERVICOS DE COMUNICACAO MULTIMIDIA LTDA;8,99965E+12;Pequeno Porte;SE;Pacatuba;2804904;0Kbps a 512Kbps;Wi-Fi;Rádio;40
2012;12;OUTROS;BRABECNET - SERVICOS DE COMUNICACAO MULTIMIDIA LTDA;8,99965E+12;Pequeno Porte;SE;Graccho Cardoso;2802601;0Kbps a 512Kbps;Wi-Fi;Rádio;23
2012;12;OUTROS;BRABECNET - SERVICOS DE COMUNICACAO MULTIMIDIA LTDA;8,99965E+12;Pequeno Porte;SE;Muribeca;2804300;0Kbps a 512Kbps;Wi-Fi;Rádio;7
2012;12;OUTROS;BRASCONECT INFORMATICA LTDA;8,63166E+12;Pequeno Porte;MG;Brazópolis;3108909;512kbps a 2Mbps;Wi-Fi;Rádio;365
2012;12;OUTROS;BRASILNET TELECOMUNICACOES LTDA;6,31757E+12;Pequeno Porte;PR;Cornélio Procópio;4106407;0Kbps a 512Kbps;ETHERNET;Cabos Metálicos;93
2012;12;OUTROS;BRASILNET TELECOMUNICACOES LTDA;6,31757E+12;Pequeno Porte;RJ;Cordeiro;3301504;512kbps a 2Mbps;ETHERNET;Cabos Metálicos;100
2012;12;OUTROS;BRASILNET TELECOMUNICACOES LTDA;6,31757E+12;Pequeno Porte;RJ;Cordeiro;3301504;0Kbps a 512Kbps;ETHERNET;Cabos Metálicos;3625
2012;12;OUTROS;BRASILNET TELECOMUNICACOES LTDA;6,31757E+12;Pequeno Porte;PR;Irati;4110706;512kbps a 2Mbps;ETHERNET;Cabos Metálicos;46
2012;12;OUTROS;BRASILNET TELECOMUNICACOES LTDA;6,31757E+12;Pequeno Porte;PR;Irati;4110706;0Kbps a 512Kbps;ETHERNET;Cabos Metálicos;103
2012;12;OUTROS;BRASILNET TELECOMUNICACOES LTDA;6,31757E+12;Pequeno Porte;PR;Cornélio Procópio;4106407;2Mbps a 12Mbps;ETHERNET;Cabos Metálicos;14
2012;12;OUTROS;BRASILNET TELECOMUNICACOES LTDA;6,31757E+12;Pequeno Porte;PR;Cornélio Procópio;4106407;512kbps a 2Mbps;ETHERNET;Cabos Metálicos;36
2012;12;OUTROS;AMERICA NET LTDA;1,77897E+12;Pequeno Porte;RS;Porto Alegre;4314902;2Mbps a 12Mbps;Wi-Fi;Rádio;13
2012;12;OUTROS;AMERICA NET LTDA;1,77897E+12;Pequeno Porte;BA;Salvador;2927408;512kbps a 2Mbps;Wi-Fi;Rádio;11
2012;12;OUTROS;AMERICA NET LTDA;1,77897E+12;Pequeno Porte;DF;Brasília;5300108;2Mbps a 12Mbps;Wi-Fi;Rádio;13
2012;12;OUTROS;AMERICA NET LTDA;1,77897E+12;Pequeno Porte;RJ;Rio de Janeiro;3304557;0Kbps a 512Kbps;Wi-Fi;Rádio;57
2012;12;OUTROS;CDI TELECOM LTDA - EPP;8,58487E+12;Pequeno Porte;SC;Ituporanga;4208500;512kbps a 2Mbps;Wi-Fi;Rádio;24
2012;12;OUTROS;CENTURY TELECOM LTDA;1,49264E+12;Pequeno Porte;MG;Belo Horizonte;3106200;2Mbps a 12Mbps;WIMAX;Rádio;4
2012;12;OUTROS;CENTURY TELECOM LTDA;1,49264E+12;Pequeno Porte;MG;Santa Luzia;3157807;512kbps a 2Mbps;WIMAX;Rádio;2
2012;12;OUTROS;CENTRONET INTERNET LTDA;6,9544E+12;Pequeno Porte;RS;Espumoso;4307500;512kbps a 2Mbps;Wi-Fi;Rádio;3
2012;12;OUTROS;CENTRONET INTERNET LTDA;6,9544E+12;Pequeno Porte;RS;Espumoso;4307500;2Mbps a 12Mbps;Wi-Fi;Rádio;2
2012;12;OUTROS;CILNET COMUNICACAO E INFORMATICA LTDA;4,12786E+12;Pequeno Porte;SP;Angatuba;3502200;0Kbps a 512Kbps;Wi-Fi;Rádio;136
2012;12;OUTROS;AMERICA NET LTDA;1,77897E+12;Pequeno Porte;SP;Cotia;3513009;0Kbps a 512Kbps;Wi-Fi;Rádio;51
2012;12;OUTROS;CILNET COMUNICACAO E INFORMATICA LTDA;4,12786E+12;Pequeno Porte;SP;Angatuba;3502200;2Mbps a 12Mbps;Wi-Fi;Rádio;16
2012;12;OUTROS;AMERICA NET LTDA;1,77897E+12;Pequeno Porte;SP;Campinas;3509502;512kbps a 2Mbps;Wi-Fi;Rádio;14
2012;12;OUTROS;CENTURY TELECOM LTDA;1,49264E+12;Pequeno Porte;MG;Nova Lima;3144805;0Kbps a 512Kbps;WIMAX;Rádio;7
2012;12;OUTROS;CENTRONET INTERNET LTDA;6,9544E+12;Pequeno Porte;RS;São Sepé;4319604;0Kbps a 512Kbps;Wi-Fi;Rádio;283
2012;12;OUTROS;CDI TELECOM LTDA - EPP;8,58487E+12;Pequeno Porte;SC;Angelina;4200903;2Mbps a 12Mbps;Wi-Fi;Rádio;6
2012;12;OUTROS;CDI TELECOM LTDA - EPP;8,58487E+12;Pequeno Porte;SC;Imbuia;4207403;512kbps a 2Mbps;Wi-Fi;Rádio;14
2012;12;OUTROS;CDI TELECOM LTDA - EPP;8,58487E+12;Pequeno Porte;SC;Petrolândia;4212700;0Kbps a 512Kbps;Wi-Fi;Rádio;24
2012;12;OUTROS;CDI TELECOM LTDA - EPP;8,58487E+12;Pequeno Porte;SC;Angelina;4200903;512kbps a 2Mbps;Wi-Fi;Rádio;33
2012;12;OUTROS;CDI TELECOM LTDA - EPP;8,58487E+12;Pequeno Porte;SC;Alfredo Wagner;4200705;512kbps a 2Mbps;Wi-Fi;Rádio;25
2012;12;OUTROS;CDI TELECOM LTDA - EPP;8,58487E+12;Pequeno Porte;SC;Angelina;4200903;0Kbps a 512Kbps;Wi-Fi;Rádio;2
2012;12;OUTROS;CDI TELECOM LTDA - EPP;8,58487E+12;Pequeno Porte;SC;Leoberto Leal;4209805;512kbps a 2Mbps;Wi-Fi;Rádio;25
2012;12;OUTROS;CDI TELECOM LTDA - EPP;8,58487E+12;Pequeno Porte;SC;Imbuia;4207403;0Kbps a 512Kbps;Wi-Fi;Rádio;12
2012;12;OUTROS;CDI TELECOM LTDA - EPP;8,58487E+12;Pequeno Porte;SC;Aurora;4201901;512kbps a 2Mbps;Wi-Fi;Rádio;12
2012;12;OUTROS;CDI TELECOM LTDA - EPP;8,58487E+12;Pequeno Porte;SC;Vidal Ramos;4219200;512kbps a 2Mbps;Wi-Fi;Rádio;1
2012;12;OUTROS;CDI TELECOM LTDA - EPP;8,58487E+12;Pequeno Porte;SC;Rancho Queimado;4214300;512kbps a 2Mbps;Wi-Fi;Rádio;12
2012;12;OUTROS;TCHETURBO PROVEDOR DE INTERNET LTDA;6,08928E+12;Pequeno Porte;RS;Frederico Westphalen;4308508;2Mbps a 12Mbps;Wi-Fi;Rádio;290
2012;12;OUTROS;CENTURY TELECOM LTDA;1,49264E+12;Pequeno Porte;MG;Vespasiano;3171204;2Mbps a 12Mbps;WIMAX;Rádio;1
2012;12;OUTROS;CENTURY TELECOM LTDA;1,49264E+12;Pequeno Porte;MG;Betim;3106705;512kbps a 2Mbps;WIMAX;Rádio;9
2012;12;OUTROS;CENTURY TELECOM LTDA;1,49264E+12;Pequeno Porte;MG;Belo Horizonte;3106200;0Kbps a 512Kbps;WIMAX;Rádio;2
2012;12;OUTROS;CENTURY TELECOM LTDA;1,49264E+12;Pequeno Porte;MG;São José da Lapa;3162955;0Kbps a 512Kbps;WIMAX;Rádio;1
2012;12;OUTROS;CENTURY TELECOM LTDA;1,49264E+12;Pequeno Porte;MG;Nova Lima;3144805;512kbps a 2Mbps;WIMAX;Rádio;5
2012;12;OUTROS;CENTRONET INTERNET LTDA;6,9544E+12;Pequeno Porte;RS;São Sepé;4319604;512kbps a 2Mbps;Wi-Fi;Rádio;71
2012;12;OUTROS;CENTRONET INTERNET LTDA;6,9544E+12;Pequeno Porte;RS;Júlio de Castilhos;4311205;512kbps a 2Mbps;Wi-Fi;Rádio;1
2012;12;OUTROS;AMERICA NET LTDA;1,77897E+12;Pequeno Porte;SP;São Paulo;3550308;512kbps a 2Mbps;Wi-Fi;Rádio;16
2012;12;OUTROS;BRASIL SERVIÇOS DE TELECOMUNICAÇÕES LTDA;7,75665E+12;Pequeno Porte;RS;Santa Rosa;4317202;512kbps a 2Mbps;Wi-Fi;Rádio;19
2012;12;OUTROS;AMERICA NET LTDA;1,77897E+12;Pequeno Porte;SP;Santos;3548500;2Mbps a 12Mbps;Wi-Fi;Rádio;5
2012;12;OUTROS;AMERICA NET LTDA;1,77897E+12;Pequeno Porte;RJ;Rio de Janeiro;3304557;2Mbps a 12Mbps;Wi-Fi;Rádio;17
2012;12;OUTROS;AMERICA NET LTDA;1,77897E+12;Pequeno Porte;BA;Salvador;2927408;0Kbps a 512Kbps;Wi-Fi;Rádio;48
2012;12;OUTROS;AMERICA NET LTDA;1,77897E+12;Pequeno Porte;DF;Brasília;5300108;512kbps a 2Mbps;Wi-Fi;Rádio;15
2012;12;OUTROS;AMERICA NET LTDA;1,77897E+12;Pequeno Porte;SP;Campinas;3509502;2Mbps a 12Mbps;Wi-Fi;Rádio;11
2012;12;OUTROS;CENTURY TELECOM LTDA;1,49264E+12;Pequeno Porte;MG;Contagem;3118601;512kbps a 2Mbps;WIMAX;Rádio;6
2012;12;OUTROS;CENTRO OESTE PROVEDOR DE INTERNET BANDA LARGA VIA RADIO LTDA.;9,16763E+12;Pequeno Porte;GO;Anápolis;5201108;512kbps a 2Mbps;Wi-Fi;Rádio;255
2012;12;OUTROS;CENTRO OESTE PROVEDOR DE INTERNET BANDA LARGA VIA RADIO LTDA.;9,16763E+12;Pequeno Porte;GO;Anápolis;5201108;0Kbps a 512Kbps;Wi-Fi;Rádio;528
2012;12;OUTROS;CENTURY TELECOM LTDA;1,49264E+12;Pequeno Porte;MG;Ribeirão das Neves;3154606;0Kbps a 512Kbps;WIMAX;Rádio;3
2012;12;OUTROS;CENTURY TELECOM LTDA;1,49264E+12;Pequeno Porte;MG;Santa Luzia;3157807;2Mbps a 12Mbps;WIMAX;Rádio;1
2012;12;OUTROS;CILNET COMUNICACAO E INFORMATICA LTDA;4,12786E+12;Pequeno Porte;SP;Angatuba;3502200;512kbps a 2Mbps;Wi-Fi;Rádio;37
2012;12;OUTROS;CILNET COMUNICACAO E INFORMATICA LTDA;4,12786E+12;Pequeno Porte;SP;Cerquilho;3511508;512kbps a 2Mbps;Wi-Fi;Rádio;35
2012;12;OUTROS;CILNET COMUNICACAO E INFORMATICA LTDA;4,12786E+12;Pequeno Porte;SP;Campinas;3509502;512kbps a 2Mbps;Wi-Fi;Rádio;29
2012;12;OUTROS;CILNET COMUNICACAO E INFORMATICA LTDA;4,12786E+12;Pequeno Porte;SP;Cerquilho;3511508;2Mbps a 12Mbps;Wi-Fi;Rádio;34
2012;12;OUTROS;CILNET COMUNICACAO E INFORMATICA LTDA;4,12786E+12;Pequeno Porte;SP;Altinópolis;3501004;2Mbps a 12Mbps;Wi-Fi;Rádio;38
2012;12;OUTROS;CILNET COMUNICACAO E INFORMATICA LTDA;4,12786E+12;Pequeno Porte;SP;Altinópolis;3501004;512kbps a 2Mbps;Wi-Fi;Rádio;27
2012;12;OUTROS;CILNET COMUNICACAO E INFORMATICA LTDA;4,12786E+12;Pequeno Porte;SP;Campinas;3509502;2Mbps a 12Mbps;Wi-Fi;Rádio;34
2012;12;OUTROS;CENTURY TELECOM LTDA;1,49264E+12;Pequeno Porte;MG;Contagem;3118601;0Kbps a 512Kbps;WIMAX;Rádio;1
2012;12;OUTROS;CILNET COMUNICACAO E INFORMATICA LTDA;4,12786E+12;Pequeno Porte;SP;Altinópolis;3501004;0Kbps a 512Kbps;Wi-Fi;Rádio;147
2012;12;OUTROS;CILNET COMUNICACAO E INFORMATICA LTDA;4,12786E+12;Pequeno Porte;SP;Cerquilho;3511508;0Kbps a 512Kbps;Wi-Fi;Rádio;139
2012;12;OUTROS;CITY 10 TELECOM LTDA;2,59583E+13;Pequeno Porte;MG;Barbacena;3105608;2Mbps a 12Mbps;ETHERNET;Cabos Metálicos;4
2012;12;OUTROS;CENTER PRESTADORA DE SERVICOS LTDA;5,01274E+12;Pequeno Porte;SP;São João da Boa Vista;3549102;12Mbps a 34Mbps;Wi-Fi;Rádio;1
2012;12;OUTROS;CENTER PRESTADORA DE SERVICOS LTDA;5,01274E+12;Pequeno Porte;SP;São Sebastião da Grama;3550803;512kbps a 2Mbps;Wi-Fi;Rádio;45
2012;12;OUTROS;CENTURY TELECOM LTDA;1,49264E+12;Pequeno Porte;MG;Contagem;3118601;2Mbps a 12Mbps;WIMAX;Rádio;1
2012;12;OUTROS;CENTRONET INTERNET LTDA;6,9544E+12;Pequeno Porte;RS;Júlio de Castilhos;4311205;2Mbps a 12Mbps;Wi-Fi;Rádio;1
