﻿Ano;Mês;Grupo Econômico;Empresa;CNPJ;Porte da Prestadora;UF;Município;Código IBGE Município;Faixa de Velocidade;Tecnologia;Meio de Acesso;Acessos
2016;12;OUTROS;BORILLE SERVIÇOS DE TELECOMUNICAÇÕES LTDA;10460953000196;Pequeno Porte;PR;União da Vitória;4128203;512kbps a 2Mbps;Wi-Fi;Rádio;228
2016;12;OUTROS;BRASCONECT INFORMATICA LTDA;08631655000170;Pequeno Porte;MG;Brazópolis;3108909;2Mbps a 12Mbps;Wi-Fi;Rádio;468
2016;12;OUTROS;BRASCONECT INFORMATICA LTDA;08631655000170;Pequeno Porte;MG;Itajubá;3132404;12Mbps a 34Mbps;Wi-Fi;Rádio;1
2016;12;OUTROS;BRAWNET COMERCIO E SERVIÇOS LTDA  ME;14390970000155;Pequeno Porte;BA;Barreiras;2903201;512kbps a 2Mbps;Fibra;Fibra Óptica;3
2016;12;OUTROS;CENTURY TELECOM LTDA;01492641000173;Pequeno Porte;MG;Betim;3106705;512kbps a 2Mbps;Wi-Fi;Rádio;21
2016;12;OUTROS;CENTURY TELECOM LTDA;01492641000173;Pequeno Porte;MG;Contagem;3118601;2Mbps a 12Mbps;Wi-Fi;Rádio;37
2016;12;OUTROS;BRASIL DIGITAL SERVIÇOS DE INFORMÁTICA E COMÉRCIO LTDA - ME;14629705000187;Pequeno Porte;RO;Porto Velho;1100205;12Mbps a 34Mbps;Wi-Fi;Rádio;3
2016;12;OUTROS;BRASIL DIGITAL SERVIÇOS DE INFORMÁTICA E COMÉRCIO LTDA - ME;14629705000187;Pequeno Porte;RO;Porto Velho;1100205;> 34Mbps;Wi-Fi;Rádio;1
2016;12;OUTROS;BRASIL DIGITAL SERVIÇOS DE INFORMÁTICA E COMÉRCIO LTDA - ME;14629705000187;Pequeno Porte;RO;Porto Velho;1100205;2Mbps a 12Mbps;Fibra;Fibra Óptica;265
2016;12;OUTROS;BRABECNET - SERVICOS DE COMUNICACAO MULTIMIDIA LTDA;08999652000193;Pequeno Porte;SE;Cedro de São João;2801603;0Kbps a 512Kbps;Wi-Fi;Rádio;2
2016;12;OUTROS;BRAWNET COMERCIO E SERVIÇOS LTDA  ME;14390970000155;Pequeno Porte;BA;Barreiras;2903201;2Mbps a 12Mbps;Fibra;Fibra Óptica;8
2016;12;OUTROS;BRAWNET COMERCIO E SERVIÇOS LTDA  ME;14390970000155;Pequeno Porte;BA;Barreiras;2903201;512kbps a 2Mbps;ETHERNET;Cabos Metálicos;522
2016;12;OUTROS;BRAWNET COMERCIO E SERVIÇOS LTDA  ME;14390970000155;Pequeno Porte;BA;Barreiras;2903201;2Mbps a 12Mbps;ETHERNET;Cabos Metálicos;309
2016;12;OUTROS;BRASILNET TELECOMUNICACOES LTDA;06317574000174;Pequeno Porte;RJ;Cordeiro;3301504;2Mbps a 12Mbps;ETHERNET;Cabos Metálicos;384
2016;12;OUTROS;BRABECNET - SERVICOS DE COMUNICACAO MULTIMIDIA LTDA;08999652000193;Pequeno Porte;SE;"Itaporanga d'Ajuda";2803203;2Mbps a 12Mbps;Wi-Fi;Rádio;5
2016;12;OUTROS;BRABECNET - SERVICOS DE COMUNICACAO MULTIMIDIA LTDA;08999652000193;Pequeno Porte;SE;Brejo Grande;2800704;0Kbps a 512Kbps;Wi-Fi;Rádio;31
2016;12;OUTROS;BRASIL DIGITAL SERVIÇOS DE INFORMÁTICA E COMÉRCIO LTDA - ME;14629705000187;Pequeno Porte;RO;Porto Velho;1100205;12Mbps a 34Mbps;Fibra;Fibra Óptica;30
2016;12;OUTROS;BRABECNET - SERVICOS DE COMUNICACAO MULTIMIDIA LTDA;08999652000193;Pequeno Porte;SE;Feira Nova;2802205;2Mbps a 12Mbps;Wi-Fi;Rádio;2
2016;12;OUTROS;BRABECNET - SERVICOS DE COMUNICACAO MULTIMIDIA LTDA;08999652000193;Pequeno Porte;SE;Itabi;2803104;512kbps a 2Mbps;Wi-Fi;Rádio;10
2016;12;OUTROS;BRABECNET - SERVICOS DE COMUNICACAO MULTIMIDIA LTDA;08999652000193;Pequeno Porte;SE;Brejo Grande;2800704;512kbps a 2Mbps;Wi-Fi;Rádio;11
2016;12;OUTROS;BRABECNET - SERVICOS DE COMUNICACAO MULTIMIDIA LTDA;08999652000193;Pequeno Porte;SE;Aracaju;2800308;0Kbps a 512Kbps;Wi-Fi;Rádio;42
2016;12;OUTROS;CENTURY TELECOM LTDA;01492641000173;Pequeno Porte;MG;Congonhas;3118007;12Mbps a 34Mbps;Wi-Fi;Rádio;1
2016;12;OUTROS;CENTURY TELECOM LTDA;01492641000173;Pequeno Porte;MG;Lagoa Santa;3137601;512kbps a 2Mbps;Wi-Fi;Rádio;3
2016;12;OUTROS;CENTURY TELECOM LTDA;01492641000173;Pequeno Porte;MG;Ribeirão das Neves;3154606;> 34Mbps;Wi-Fi;Rádio;4
2016;12;OUTROS;CENTURY TELECOM LTDA;01492641000173;Pequeno Porte;MG;Nova Lima;3144805;0Kbps a 512Kbps;Wi-Fi;Rádio;5
2016;12;OUTROS;CENTURY TELECOM LTDA;01492641000173;Pequeno Porte;MG;Nova Lima;3144805;12Mbps a 34Mbps;Wi-Fi;Rádio;2
2016;12;OUTROS;CENTURY TELECOM LTDA;01492641000173;Pequeno Porte;MG;Betim;3106705;2Mbps a 12Mbps;Wi-Fi;Rádio;27
2016;12;OUTROS;CENTURY TELECOM LTDA;01492641000173;Pequeno Porte;MG;Ribeirão das Neves;3154606;2Mbps a 12Mbps;Wi-Fi;Rádio;8
2016;12;OUTROS;CENTURY TELECOM LTDA;01492641000173;Pequeno Porte;MG;Congonhas;3118007;512kbps a 2Mbps;Wi-Fi;Rádio;6
2016;12;OUTROS;AMERICA NET LTDA;01778972000174;Pequeno Porte;SP;Campinas;3509502;2Mbps a 12Mbps;Wi-Fi;Rádio;116
2016;12;OUTROS;AMERICA NET LTDA;01778972000174;Pequeno Porte;DF;Brasília;5300108;512kbps a 2Mbps;Wi-Fi;Rádio;326
2016;12;OUTROS;AMERICA NET LTDA;01778972000174;Pequeno Porte;SP;Cotia;3513009;0Kbps a 512Kbps;Wi-Fi;Rádio;1272
2016;12;OUTROS;AMERICA NET LTDA;01778972000174;Pequeno Porte;SP;São Paulo;3550308;512kbps a 2Mbps;Wi-Fi;Rádio;266
2016;12;OUTROS;CENTER PRESTADORA DE SERVICOS LTDA;05012742000150;Pequeno Porte;MG;Campestre;3111002;12Mbps a 34Mbps;Fibra;Fibra Óptica;4
2016;12;OUTROS;CENTER PRESTADORA DE SERVICOS LTDA;05012742000150;Pequeno Porte;MG;Botelhos;3108404;2Mbps a 12Mbps;Wi-Fi;Rádio;89
2016;12;OUTROS;CENTER PRESTADORA DE SERVICOS LTDA;05012742000150;Pequeno Porte;SP;São Sebastião da Grama;3550803;512kbps a 2Mbps;Wi-Fi;Rádio;196
2016;12;OUTROS;CENTER PRESTADORA DE SERVICOS LTDA;05012742000150;Pequeno Porte;SP;Águas da Prata;3500402;2Mbps a 12Mbps;Fibra;Fibra Óptica;1
2016;12;OUTROS;CENTER PRESTADORA DE SERVICOS LTDA;05012742000150;Pequeno Porte;SP;Tambaú;3553302;2Mbps a 12Mbps;Wi-Fi;Rádio;1
2016;12;OUTROS;CENTER PRESTADORA DE SERVICOS LTDA;05012742000150;Pequeno Porte;SP;Itobi;3523800;2Mbps a 12Mbps;Wi-Fi;Rádio;51
2016;12;OUTROS;CENTURY TELECOM LTDA;01492641000173;Pequeno Porte;MG;Contagem;3118601;512kbps a 2Mbps;Wi-Fi;Rádio;35
2016;12;OUTROS;AMERICA NET LTDA;01778972000174;Pequeno Porte;SP;Cotia;3513009;2Mbps a 12Mbps;Wi-Fi;Rádio;290
2016;12;OUTROS;CENTURY TELECOM LTDA;01492641000173;Pequeno Porte;MG;Nova Lima;3144805;> 34Mbps;Wi-Fi;Rádio;2
2016;12;OUTROS;CENTURY TELECOM LTDA;01492641000173;Pequeno Porte;MG;Caeté;3110004;2Mbps a 12Mbps;Wi-Fi;Rádio;1
2016;12;OUTROS;CENTER PRESTADORA DE SERVICOS LTDA;05012742000150;Pequeno Porte;BA;Santa Cruz Cabrália;2927705;12Mbps a 34Mbps;Wi-Fi;Rádio;1
2016;12;OUTROS;CENTER PRESTADORA DE SERVICOS LTDA;05012742000150;Pequeno Porte;SP;Casa Branca;3510807;512kbps a 2Mbps;Wi-Fi;Rádio;146
2016;12;OUTROS;CENTER PRESTADORA DE SERVICOS LTDA;05012742000150;Pequeno Porte;MG;Bandeira do Sul;3105301;512kbps a 2Mbps;Wi-Fi;Rádio;127
2016;12;OUTROS;CENTER PRESTADORA DE SERVICOS LTDA;05012742000150;Pequeno Porte;BA;Santa Cruz Cabrália;2927705;2Mbps a 12Mbps;Wi-Fi;Rádio;235
2016;12;OUTROS;CENTER PRESTADORA DE SERVICOS LTDA;05012742000150;Pequeno Porte;SP;Casa Branca;3510807;12Mbps a 34Mbps;Fibra;Fibra Óptica;8
2016;12;OUTROS;CENTURY TELECOM LTDA;01492641000173;Pequeno Porte;MG;Belo Horizonte;3106200;0Kbps a 512Kbps;Wi-Fi;Rádio;32
2016;12;OUTROS;CENTER PRESTADORA DE SERVICOS LTDA;05012742000150;Pequeno Porte;MG;Poços de Caldas;3151800;12Mbps a 34Mbps;Wi-Fi;Rádio;7
2016;12;OUTROS;BRABECNET - SERVICOS DE COMUNICACAO MULTIMIDIA LTDA;08999652000193;Pequeno Porte;SE;Nossa Senhora da Glória;2804508;2Mbps a 12Mbps;Wi-Fi;Rádio;6
2016;12;OUTROS;BRABECNET - SERVICOS DE COMUNICACAO MULTIMIDIA LTDA;08999652000193;Pequeno Porte;SE;Capela;2801306;2Mbps a 12Mbps;Wi-Fi;Rádio;1
2016;12;OUTROS;BRABECNET - SERVICOS DE COMUNICACAO MULTIMIDIA LTDA;08999652000193;Pequeno Porte;SE;Pacatuba;2804904;512kbps a 2Mbps;Wi-Fi;Rádio;81
2016;12;OUTROS;BRABECNET - SERVICOS DE COMUNICACAO MULTIMIDIA LTDA;08999652000193;Pequeno Porte;SE;Laranjeiras;2803609;2Mbps a 12Mbps;Wi-Fi;Rádio;1
2016;12;OUTROS;BRABECNET - SERVICOS DE COMUNICACAO MULTIMIDIA LTDA;08999652000193;Pequeno Porte;SE;Aracaju;2800308;512kbps a 2Mbps;Wi-Fi;Rádio;265
2016;12;OUTROS;BRABECNET - SERVICOS DE COMUNICACAO MULTIMIDIA LTDA;08999652000193;Pequeno Porte;SE;Graccho Cardoso;2802601;512kbps a 2Mbps;Wi-Fi;Rádio;9
2016;12;OUTROS;BRABECNET - SERVICOS DE COMUNICACAO MULTIMIDIA LTDA;08999652000193;Pequeno Porte;SE;Graccho Cardoso;2802601;2Mbps a 12Mbps;Wi-Fi;Rádio;3
2016;12;OUTROS;BRASCONECT INFORMATICA LTDA;08631655000170;Pequeno Porte;MG;Itajubá;3132404;512kbps a 2Mbps;Wi-Fi;Rádio;334
2016;12;OUTROS;BRASCONECT INFORMATICA LTDA;08631655000170;Pequeno Porte;MG;Brazópolis;3108909;512kbps a 2Mbps;Wi-Fi;Rádio;475
2016;12;OUTROS;BRABECNET - SERVICOS DE COMUNICACAO MULTIMIDIA LTDA;08999652000193;Pequeno Porte;SE;Cedro de São João;2801603;512kbps a 2Mbps;Wi-Fi;Rádio;4
2016;12;OUTROS;BRASCONECT INFORMATICA LTDA;08631655000170;Pequeno Porte;MG;Itajubá;3132404;2Mbps a 12Mbps;Wi-Fi;Rádio;573
2016;12;OUTROS;BRASCONECT INFORMATICA LTDA;08631655000170;Pequeno Porte;MG;Brazópolis;3108909;0Kbps a 512Kbps;Wi-Fi;Rádio;33
2016;12;OUTROS;BRASIL DIGITAL SERVIÇOS DE INFORMÁTICA E COMÉRCIO LTDA - ME;14629705000187;Pequeno Porte;RO;Porto Velho;1100205;512kbps a 2Mbps;Wi-Fi;Rádio;1157
2016;12;OUTROS;BRASCONECT INFORMATICA LTDA;08631655000170;Pequeno Porte;MG;Brazópolis;3108909;12Mbps a 34Mbps;Wi-Fi;Rádio;1
2016;12;OUTROS;BRABECNET - SERVICOS DE COMUNICACAO MULTIMIDIA LTDA;08999652000193;Pequeno Porte;SE;Porto da Folha;2805604;0Kbps a 512Kbps;Wi-Fi;Rádio;174
2016;12;OUTROS;BRABECNET - SERVICOS DE COMUNICACAO MULTIMIDIA LTDA;08999652000193;Pequeno Porte;SE;Capela;2801306;0Kbps a 512Kbps;Wi-Fi;Rádio;7
2016;12;OUTROS;BRABECNET - SERVICOS DE COMUNICACAO MULTIMIDIA LTDA;08999652000193;Pequeno Porte;SE;Cumbe;2801900;512kbps a 2Mbps;Wi-Fi;Rádio;6
2016;12;OUTROS;BRABECNET - SERVICOS DE COMUNICACAO MULTIMIDIA LTDA;08999652000193;Pequeno Porte;SE;Pacatuba;2804904;2Mbps a 12Mbps;Wi-Fi;Rádio;13
2016;12;OUTROS;BRASIL DIGITAL SERVIÇOS DE INFORMÁTICA E COMÉRCIO LTDA - ME;14629705000187;Pequeno Porte;RO;Porto Velho;1100205;512kbps a 2Mbps;Fibra;Fibra Óptica;168
2016;12;OUTROS;BRABECNET - SERVICOS DE COMUNICACAO MULTIMIDIA LTDA;08999652000193;Pequeno Porte;SE;Aquidabã;2800209;0Kbps a 512Kbps;Wi-Fi;Rádio;88
2016;12;OUTROS;BRASIL DIGITAL SERVIÇOS DE INFORMÁTICA E COMÉRCIO LTDA - ME;14629705000187;Pequeno Porte;RO;Porto Velho;1100205;0Kbps a 512Kbps;Wi-Fi;Rádio;16
2016;12;OUTROS;BRASIL DIGITAL SERVIÇOS DE INFORMÁTICA E COMÉRCIO LTDA - ME;14629705000187;Pequeno Porte;RO;Porto Velho;1100205;2Mbps a 12Mbps;Wi-Fi;Rádio;353
2016;12;OUTROS;Brisanet Servicos de Telecomunicacoes Ltda;04601397000128;Pequeno Porte;CE;Iguatu;2305506;2Mbps a 12Mbps;Wi-Fi;Rádio;14990
2016;12;OUTROS;BRC TELECOMUNICACOES EIRELI;02092296000143;Pequeno Porte;SP;Boituva;3507001;2Mbps a 12Mbps;Fibra;Fibra Óptica;356
2016;12;OUTROS;BRASILNET TELECOMUNICACOES LTDA;06317574000174;Pequeno Porte;RJ;Cordeiro;3301504;12Mbps a 34Mbps;ETHERNET;Cabos Metálicos;64
2016;12;OUTROS;BRASILNET TELECOMUNICACOES LTDA;06317574000174;Pequeno Porte;RJ;Cordeiro;3301504;0Kbps a 512Kbps;ETHERNET;Cabos Metálicos;740
2016;12;OUTROS;BRASILNET TELECOMUNICACOES LTDA;06317574000174;Pequeno Porte;RJ;Cordeiro;3301504;512kbps a 2Mbps;ETHERNET;Cabos Metálicos;1988
2016;12;OUTROS;CDI TELECOM LTDA - EPP;08584873000109;Pequeno Porte;SC;Ituporanga;4208500;0Kbps a 512Kbps;Wi-Fi;Rádio;7
2016;12;OUTROS;CDI TELECOM LTDA - EPP;08584873000109;Pequeno Porte;SC;Angelina;4200903;2Mbps a 12Mbps;Wi-Fi;Rádio;26
2016;12;OUTROS;CDI TELECOM LTDA - EPP;08584873000109;Pequeno Porte;SC;Rancho Queimado;4214300;512kbps a 2Mbps;Wi-Fi;Rádio;205
2016;12;OUTROS;CDI TELECOM LTDA - EPP;08584873000109;Pequeno Porte;SC;Petrolândia;4212700;2Mbps a 12Mbps;Wi-Fi;Rádio;1
2016;12;OUTROS;CD ONE CORPORATION DO BRASIL LTDA;02286354000170;Pequeno Porte;SP;Cesário Lange;3511607;2Mbps a 12Mbps;Wi-Fi;Rádio;2
2016;12;OUTROS;BRASIL SERVIÇOS DE TELECOMUNICAÇÕES LTDA;07756651000155;Pequeno Porte;RS;Alegrete;4300406;0Kbps a 512Kbps;Wi-Fi;Rádio;6
2016;12;OUTROS;CEDNET - PROVEDOR DE INTERNET EIRELLI EPP;08752674000154;Pequeno Porte;SP;Tejupá;3554201;512kbps a 2Mbps;Wi-Fi;Rádio;124
2016;12;OUTROS;CEDNET - PROVEDOR DE INTERNET EIRELLI EPP;08752674000154;Pequeno Porte;SP;Piraju;3538808;512kbps a 2Mbps;Wi-Fi;Rádio;990
2016;12;OUTROS;CEARA NETWORKS TELECOMUNICACOES LTDA - ME;17999741000120;Pequeno Porte;CE;Fortaleza;2304400;12Mbps a 34Mbps;Wi-Fi;Rádio;170
2016;12;OUTROS;CELIA FLORES DA SILVA;95119277000144;Pequeno Porte;RS;Cachoeira do Sul;4303004;512kbps a 2Mbps;Wi-Fi;Rádio;6
2016;12;OUTROS;BRASIL SERVIÇOS DE TELECOMUNICAÇÕES LTDA;07756651000155;Pequeno Porte;RN;Santa Cruz;2411205;512kbps a 2Mbps;Wi-Fi;Rádio;4
2016;12;OUTROS;CENTURY TELECOM LTDA;01492641000173;Pequeno Porte;MG;Nova Lima;3144805;2Mbps a 12Mbps;Wi-Fi;Rádio;5
2016;12;OUTROS;AMERICA NET LTDA;01778972000174;Pequeno Porte;BA;Salvador;2927408;2Mbps a 12Mbps;Wi-Fi;Rádio;326
2016;12;OUTROS;AMERICA NET LTDA;01778972000174;Pequeno Porte;BA;Salvador;2927408;0Kbps a 512Kbps;Wi-Fi;Rádio;1411
2016;12;OUTROS;CILNET COMUNICACAO E INFORMATICA LTDA;04127856000183;Pequeno Porte;SP;Patrocínio Paulista;3536307;2Mbps a 12Mbps;Wi-Fi;Rádio;8
2016;12;OUTROS;CILNET COMUNICACAO E INFORMATICA LTDA;04127856000183;Pequeno Porte;SP;Cerquilho;3511508;2Mbps a 12Mbps;Wi-Fi;Rádio;11
2016;12;OUTROS;CILNET COMUNICACAO E INFORMATICA LTDA;04127856000183;Pequeno Porte;SP;Itirapina;3523602;512kbps a 2Mbps;Wi-Fi;Rádio;10
2016;12;OUTROS;CILNET COMUNICACAO E INFORMATICA LTDA;04127856000183;Pequeno Porte;SP;Ipeúna;3521101;0Kbps a 512Kbps;Wi-Fi;Rádio;44
2016;12;OUTROS;AMERICA NET LTDA;01778972000174;Pequeno Porte;SP;Santos;3548500;0Kbps a 512Kbps;Wi-Fi;Rádio;1452
2016;12;OUTROS;AMERICA NET LTDA;01778972000174;Pequeno Porte;RJ;Rio de Janeiro;3304557;0Kbps a 512Kbps;Wi-Fi;Rádio;1319
2016;12;OUTROS;BRASIL SERVIÇOS DE TELECOMUNICAÇÕES LTDA;07756651000155;Pequeno Porte;PR;Curitiba;4106902;0Kbps a 512Kbps;Wi-Fi;Rádio;5
2016;12;OUTROS;CILNET COMUNICACAO E INFORMATICA LTDA;04127856000183;Pequeno Porte;SP;Sorocaba;3552205;2Mbps a 12Mbps;Wi-Fi;Rádio;11
2016;12;OUTROS;CILNET COMUNICACAO E INFORMATICA LTDA;04127856000183;Pequeno Porte;SP;Itirapina;3523602;0Kbps a 512Kbps;Wi-Fi;Rádio;42
